,0,1,2,3,4,5,6,7,8,9,10,11,12,13,14,15,16,17,18,19,20,21,22,23,24,25,26,27,28,29,30,31,32,33,34,35,36,37,38,39,label
0,427,81,3,178,28,563,179,180,403,198,138,82,181,302,357,336,55,0,0,0,0,0,0,0,0,0,0,0,0,0,0,0,0,0,0,0,0,0,0,0,0
1,326,267,72,375,87,73,238,171,49,440,309,96,518,97,64,479,65,216,114,16,360,250,204,525,40,400,122,282,89,0,0,0,0,0,0,0,0,0,0,0,0
2,0,0,0,0,0,0,0,0,0,0,0,0,0,0,0,0,0,0,0,0,0,0,0,0,0,0,0,0,0,0,0,0,0,0,0,0,0,0,0,0,0
3,122,0,0,0,0,0,0,0,0,0,0,0,0,0,0,0,0,0,0,0,0,0,0,0,0,0,0,0,0,0,0,0,0,0,0,0,0,0,0,0,0
4,513,181,290,234,256,533,428,199,392,452,565,404,18,248,465,182,303,107,347,381,119,429,145,304,101,279,210,259,292,44,0,0,0,0,0,0,0,0,0,0,0
5,25,419,180,403,390,138,513,411,302,234,336,0,0,0,0,0,0,0,0,0,0,0,0,0,0,0,0,0,0,0,0,0,0,0,0,0,0,0,0,0,0
6,144,24,176,379,62,498,380,225,177,341,137,11,426,504,322,54,13,323,118,43,1,131,508,226,161,515,3,178,28,25,179,415,187,390,138,513,181,290,0,0,0
7,149,133,0,0,0,0,0,0,0,0,0,0,0,0,0,0,0,0,0,0,0,0,0,0,0,0,0,0,0,0,0,0,0,0,0,0,0,0,0,0,0
8,243,583,436,274,286,33,244,284,319,47,34,245,331,539,332,255,52,29,437,313,482,0,0,0,0,0,0,0,0,0,0,0,0,0,0,0,0,0,0,0,0
9,67,389,27,230,516,575,424,462,443,100,262,175,395,556,425,551,130,144,24,176,207,528,498,380,369,177,341,137,11,167,504,277,54,574,323,0,0,0,0,0,0
10,191,326,267,72,212,87,73,344,171,49,146,309,96,518,97,519,0,0,0,0,0,0,0,0,0,0,0,0,0,0,0,0,0,0,0,0,0,0,0,0,1
11,423,39,150,135,31,189,266,343,406,577,492,215,468,295,387,478,260,95,191,261,317,514,212,87,73,238,171,49,440,309,96,68,97,519,479,520,216,114,0,0,1
12,322,54,574,278,118,43,586,131,80,370,161,515,3,178,28,563,179,180,403,390,138,513,411,290,357,336,55,428,391,200,452,22,404,18,0,0,0,0,0,0,1
13,301,0,0,0,0,0,0,0,0,0,0,0,0,0,0,0,0,0,0,0,0,0,0,0,0,0,0,0,0,0,0,0,0,0,0,0,0,0,0,0,1
14,55,428,199,392,0,0,0,0,0,0,0,0,0,0,0,0,0,0,0,0,0,0,0,0,0,0,0,0,0,0,0,0,0,0,0,0,0,0,0,0,1
15,81,3,417,28,563,179,415,403,390,453,513,411,290,234,256,55,428,199,392,139,565,404,18,346,465,416,303,483,347,381,475,429,445,0,0,0,0,0,0,0,1
16,86,70,557,294,236,265,112,149,133,93,71,134,188,423,544,433,448,31,189,266,237,170,7,94,359,113,295,190,0,0,0,0,0,0,0,0,0,0,0,0,1
17,366,114,16,360,250,204,59,545,185,122,282,89,98,269,218,41,257,434,84,480,441,521,458,231,540,289,50,0,0,0,0,0,0,0,0,0,0,0,0,0,1
18,467,48,469,57,157,550,405,412,58,573,83,158,86,70,0,0,0,0,0,0,0,0,0,0,0,0,0,0,0,0,0,0,0,0,0,0,0,0,0,0,1
19,546,420,456,214,321,467,48,469,57,421,37,168,412,58,15,83,158,499,70,30,288,236,265,112,149,449,0,0,0,0,0,0,0,0,0,0,0,0,0,0,1
20,372,26,350,193,2,497,173,329,472,270,283,507,338,0,0,0,0,0,0,0,0,0,0,0,0,0,0,0,0,0,0,0,0,0,0,0,0,0,0,0,0
21,145,304,101,279,382,259,305,44,213,454,120,0,0,0,0,0,0,0,0,0,0,0,0,0,0,0,0,0,0,0,0,0,0,0,0,0,0,0,0,0,0
22,220,26,240,388,2,497,418,329,116,315,283,75,241,459,401,481,76,242,271,567,8,361,9,88,531,272,174,564,124,0,0,0,0,0,0,0,0,0,0,0,0
23,537,385,17,354,301,461,0,0,0,0,0,0,0,0,0,0,0,0,0,0,0,0,0,0,0,0,0,0,0,0,0,0,0,0,0,0,0,0,0,0,0
24,436,312,286,552,244,284,319,47,34,340,331,51,254,255,536,29,154,276,482,53,194,17,232,285,125,10,136,352,195,183,377,0,0,0,0,0,0,0,0,0,0
25,237,406,7,94,215,468,281,387,103,260,493,191,261,267,72,375,501,73,238,413,49,146,268,96,518,486,519,109,65,0,0,0,0,0,0,0,0,0,0,0,0
26,488,509,450,188,159,39,150,448,31,398,266,343,170,7,94,359,468,281,387,103,325,493,393,326,267,514,212,501,73,238,0,0,0,0,0,0,0,0,0,0,0
27,187,198,138,82,181,302,357,256,533,162,391,200,139,22,404,18,248,465,182,303,107,347,381,119,163,145,291,101,279,210,259,305,44,213,140,120,0,0,0,0,0
28,139,22,404,18,346,465,182,287,483,347,209,475,163,145,304,495,316,382,259,292,44,213,140,476,108,306,19,320,63,164,0,0,0,0,0,0,0,0,0,0,0
29,221,9,500,531,318,407,564,124,4,142,258,541,505,435,512,32,222,311,0,0,0,0,0,0,0,0,0,0,0,0,0,0,0,0,0,0,0,0,0,0,0
30,302,357,336,55,162,199,200,139,22,404,18,248,127,182,303,107,249,209,0,0,0,0,0,0,0,0,0,0,0,0,0,0,0,0,0,0,0,0,0,0,1
31,335,408,395,35,160,36,130,144,0,0,0,0,0,0,0,0,0,0,0,0,0,0,0,0,0,0,0,0,0,0,0,0,0,0,0,0,0,0,0,0,1
32,318,407,21,460,4,142,258,46,505,152,0,0,0,0,0,0,0,0,0,0,0,0,0,0,0,0,0,0,0,0,0,0,0,0,0,0,0,0,0,0,1
33,168,169,58,15,83,158,86,70,30,294,236,307,112,149,449,93,71,450,399,159,544,433,448,31,398,0,0,0,0,0,0,0,0,0,0,0,0,0,0,0,1
34,83,422,86,517,557,294,236,307,474,432,133,93,509,134,188,159,544,150,448,554,189,266,343,0,0,0,0,0,0,0,0,0,0,0,0,0,0,0,0,0,1
35,557,0,0,0,0,0,0,0,0,0,0,0,0,0,0,0,0,0,0,0,0,0,0,0,0,0,0,0,0,0,0,0,0,0,0,0,0,0,0,0,1
36,545,185,457,282,89,98,314,218,41,257,434,84,104,441,521,458,231,540,297,535,348,172,69,384,530,526,74,490,471,367,220,26,350,193,2,90,173,251,116,0,1
37,474,432,133,93,71,134,399,159,39,150,135,554,398,266,343,170,7,492,359,113,281,0,0,0,0,0,0,0,0,0,0,0,0,0,0,0,0,0,0,0,1
38,441,66,458,353,540,289,50,239,0,0,0,0,0,0,0,0,0,0,0,0,0,0,0,0,0,0,0,0,0,0,0,0,0,0,0,0,0,0,0,0,1
39,135,554,398,308,343,406,7,94,215,468,295,387,478,260,95,393,0,0,0,0,0,0,0,0,0,0,0,0,0,0,0,0,0,0,0,0,0,0,0,0,1
40,352,394,183,205,206,253,233,117,364,42,368,67,196,27,230,79,12,166,462,143,100,262,0,0,0,0,0,0,0,0,0,0,0,0,0,0,0,0,0,0,1
41,160,551,130,144,562,409,207,62,0,0,0,0,0,0,0,0,0,0,0,0,0,0,0,0,0,0,0,0,0,0,0,0,0,0,0,0,0,0,0,0,1
42,319,47,34,340,331,51,254,333,0,0,0,0,0,0,0,0,0,0,0,0,0,0,0,0,0,0,0,0,0,0,0,0,0,0,0,0,0,0,0,0,1
43,301,125,10,455,246,195,402,377,206,334,233,117,364,543,224,67,389,27,356,79,12,166,126,443,100,335,408,395,35,160,36,130,0,0,0,0,0,0,0,0,1
44,29,437,313,482,537,385,569,232,285,461,579,455,246,394,402,205,378,334,233,477,223,42,368,523,389,561,356,516,12,424,462,143,100,335,175,197,35,425,551,130,1
45,190,103,260,95,191,261,317,514,375,87,73,344,171,49,440,309,96,68,486,519,109,520,216,470,568,0,0,0,0,0,0,0,0,0,0,0,0,0,0,0,1
46,480,141,66,123,231,540,297,50,239,414,522,192,60,61,74,99,115,219,372,26,350,388,2,90,173,0,0,0,0,0,0,0,0,0,0,0,0,0,0,0,1
47,0,0,0,0,0,0,0,0,0,0,0,0,0,0,0,0,0,0,0,0,0,0,0,0,0,0,0,0,0,0,0,0,0,0,0,0,0,0,0,0,1
48,86,70,30,294,236,265,474,432,449,93,509,134,188,159,39,433,135,31,189,266,343,406,7,94,215,113,281,387,103,260,493,393,261,267,72,212,501,510,344,413,1
49,33,244,300,319,47,34,245,331,51,332,255,52,0,0,0,0,0,0,0,0,0,0,0,0,0,0,0,0,0,0,0,0,0,0,0,0,0,0,0,0,1
50,294,342,307,112,149,133,488,509,450,188,159,544,150,135,31,398,308,237,170,7,94,215,113,295,190,478,0,0,0,0,0,0,0,0,0,0,0,0,0,0,0
51,0,0,0,0,0,0,0,0,0,0,0,0,0,0,0,0,0,0,0,0,0,0,0,0,0,0,0,0,0,0,0,0,0,0,0,0,0,0,0,0,0
52,409,207,62,0,0,0,0,0,0,0,0,0,0,0,0,0,0,0,0,0,0,0,0,0,0,0,0,0,0,0,0,0,0,0,0,0,0,0,0,0,0
53,387,103,325,95,191,326,267,72,375,87,73,344,413,534,146,268,96,0,0,0,0,0,0,0,0,0,0,0,0,0,0,0,0,0,0,0,0,0,0,0,0
54,467,532,469,57,157,550,405,412,58,15,83,158,86,70,30,288,236,265,112,432,449,488,509,450,188,423,39,150,135,31,189,308,343,406,7,94,359,0,0,0,0
55,20,8,361,9,88,56,318,174,21,460,4,142,258,46,77,435,512,555,0,0,0,0,0,0,0,0,0,0,0,0,0,0,0,0,0,0,0,0,0,0,0
56,573,83,422,499,70,557,294,342,265,474,149,133,93,71,134,188,0,0,0,0,0,0,0,0,0,0,0,0,0,0,0,0,0,0,0,0,0,0,0,0,0
57,568,217,250,204,525,545,185,122,296,89,98,314,363,547,328,151,84,104,141,66,123,353,540,297,50,348,414,69,192,60,61,74,490,115,367,372,559,350,388,2,0
58,124,4,142,330,541,505,435,512,555,222,273,243,5,153,274,299,0,0,0,0,0,0,0,0,0,0,0,0,0,0,0,0,0,0,0,0,0,0,0,0,0
59,18,346,465,416,287,483,347,381,119,429,145,304,101,316,210,259,305,548,383,140,120,108,293,19,320,527,164,227,0,0,0,0,0,0,0,0,0,0,0,0,0
60,238,171,49,440,268,489,518,97,519,109,520,216,0,0,0,0,0,0,0,0,0,0,0,0,0,0,0,0,0,0,0,0,0,0,0,0,0,0,0,0,0
61,507,241,129,186,105,76,351,0,0,0,0,0,0,0,0,0,0,0,0,0,0,0,0,0,0,0,0,0,0,0,0,0,0,0,0,0,0,0,0,0,0
62,3,178,560,563,419,415,187,390,453,513,181,290,234,336,533,162,391,200,139,565,184,18,248,127,416,287,483,0,0,0,0,0,0,0,0,0,0,0,0,0,0
63,280,527,430,227,386,396,23,102,6,0,0,0,0,0,0,0,0,0,0,0,0,0,0,0,0,0,0,0,0,0,0,0,0,0,0,0,0,0,0,0,0
64,261,267,514,212,87,73,238,171,534,440,309,489,518,486,64,109,65,216,114,568,217,250,376,525,545,185,457,296,496,98,314,0,0,0,0,0,0,0,0,0,0
65,334,233,117,223,42,224,67,389,27,356,79,12,166,462,143,494,335,175,197,556,160,551,130,144,24,176,207,62,91,208,369,177,341,137,11,167,504,322,0,0,0
66,31,189,266,237,170,7,94,359,113,295,387,478,260,493,393,261,317,0,0,0,0,0,0,0,0,0,0,0,0,0,0,0,0,0,0,0,0,0,0,0,0
67,32,362,311,345,5,153,0,0,0,0,0,0,0,0,0,0,0,0,0,0,0,0,0,0,0,0,0,0,0,0,0,0,0,0,0,0,0,0,0,0,0
68,472,270,283,75,241,129,401,105,76,351,0,0,0,0,0,0,0,0,0,0,0,0,0,0,0,0,0,0,0,0,0,0,0,0,0,0,0,0,0,0,0
69,226,427,81,3,417,28,25,179,180,187,390,453,82,181,302,357,256,533,162,391,200,139,22,404,570,346,127,182,0,0,0,0,0,0,0,0,0,0,0,0,0
70,136,246,195,183,205,206,253,233,477,0,0,0,0,0,0,0,0,0,0,0,0,0,0,0,0,0,0,0,0,0,0,0,0,0,0,0,0,0,0,0,1
71,152,512,32,362,273,345,583,436,274,286,552,339,284,319,47,34,245,252,539,332,333,52,29,437,276,106,537,194,569,354,285,125,10,0,0,0,0,0,0,0,1
72,253,233,117,364,543,224,67,196,561,230,79,12,166,126,443,100,262,408,197,35,160,551,130,144,562,409,379,62,498,208,225,177,247,137,11,167,0,0,0,0,1
73,12,424,126,443,100,262,408,395,556,160,36,130,144,24,176,379,62,91,380,369,177,341,0,0,0,0,0,0,0,0,0,0,0,0,0,0,0,0,0,0,1
74,38,156,121,358,321,467,48,111,57,157,37,168,169,58,15,502,422,86,70,30,0,0,0,0,0,0,0,0,0,0,0,0,0,0,0,0,0,0,0,0,1
75,370,427,515,3,417,560,25,179,180,187,390,138,513,411,302,357,336,55,428,199,392,452,22,184,18,346,127,0,0,0,0,0,0,0,0,0,0,0,0,0,1
76,76,242,271,567,8,361,580,88,56,318,407,21,460,4,442,330,46,77,152,78,32,222,311,0,0,0,0,0,0,0,0,0,0,0,0,0,0,0,0,0,1
77,409,207,62,91,208,225,410,247,451,11,426,85,322,538,13,323,473,43,1,131,80,0,0,0,0,0,0,0,0,0,0,0,0,0,0,0,0,0,0,0,1
78,152,78,32,222,273,345,5,153,274,299,33,339,300,319,47,34,245,331,51,254,333,52,29,154,276,106,537,194,17,232,301,461,579,0,0,0,0,0,0,0,1
79,11,426,85,322,54,13,278,118,43,1,131,80,226,161,515,3,178,28,25,179,415,403,390,138,82,181,290,0,0,0,0,0,0,0,0,0,0,0,0,0,1
80,289,535,239,172,69,384,0,0,0,0,0,0,0,0,0,0,0,0,0,0,0,0,0,0,0,0,0,0,0,0,0,0,0,0,0,0,0,0,0,0,1
81,8,221,9,500,531,272,174,564,124,4,142,330,46,77,435,78,32,222,311,0,0,0,0,0,0,0,0,0,0,0,0,0,0,0,0,0,0,0,0,0,1
82,435,78,0,0,0,0,0,0,0,0,0,0,0,0,0,0,0,0,0,0,0,0,0,0,0,0,0,0,0,0,0,0,0,0,0,0,0,0,0,0,1
83,204,59,545,400,457,296,89,98,269,218,41,257,151,503,104,441,521,458,353,540,289,535,239,172,69,192,530,61,506,99,115,0,0,0,0,0,0,0,0,0,1
84,503,104,441,66,123,353,45,289,50,239,414,69,384,60,61,74,99,471,219,220,26,240,388,2,90,418,329,116,315,283,75,241,459,0,0,0,0,0,0,0,1
85,2,90,0,0,0,0,0,0,0,0,0,0,0,0,0,0,0,0,0,0,0,0,0,0,0,0,0,0,0,0,0,0,0,0,0,0,0,0,0,0,1
86,95,191,261,267,72,375,87,73,344,171,49,440,309,96,518,0,0,0,0,0,0,0,0,0,0,0,0,0,0,0,0,0,0,0,0,0,0,0,0,0,1
87,304,495,316,210,337,292,548,213,454,476,484,306,19,320,63,430,227,201,202,23,491,6,365,203,0,0,0,0,0,0,0,0,0,0,0,0,0,0,0,0,1
88,30,294,342,307,387,478,260,95,0,0,0,0,0,0,0,0,0,0,0,0,0,0,0,0,0,0,0,0,0,0,0,0,0,0,0,0,0,0,0,0,1
89,224,523,196,561,356,79,12,166,462,143,100,335,408,197,35,160,36,130,444,562,176,379,62,91,208,225,177,341,137,11,426,85,322,54,13,0,0,0,0,0,1
90,334,233,477,223,42,224,67,196,27,356,516,575,166,126,143,494,262,175,395,35,160,36,130,444,24,176,207,528,0,0,0,0,0,0,0,0,0,0,0,0,0
91,99,115,219,0,0,0,0,0,0,0,0,0,0,0,0,0,0,0,0,0,0,0,0,0,0,0,0,0,0,0,0,0,0,0,0,0,0,0,0,0,0
92,112,432,133,488,509,134,188,159,39,150,135,31,189,266,343,406,7,94,0,0,0,0,0,0,0,0,0,0,0,0,0,0,0,0,0,0,0,0,0,0,0
93,234,256,55,162,199,392,452,22,184,18,346,465,416,287,107,347,381,475,163,145,304,495,279,210,337,0,0,0,0,0,0,0,0,0,0,0,0,0,0,0,0
94,280,527,164,227,386,202,23,102,6,0,0,0,0,0,0,0,0,0,0,0,0,0,0,0,0,0,0,0,0,0,0,0,0,0,0,0,0,0,0,0,0
95,141,521,123,231,540,289,50,348,172,522,192,60,526,74,490,471,219,372,559,240,388,2,90,173,251,472,315,298,507,338,129,186,481,76,351,310,0,0,0,0,0
96,169,58,15,83,158,499,70,30,288,0,0,0,0,0,0,0,0,0,0,0,0,0,0,0,0,0,0,0,0,0,0,0,0,0,0,0,0,0,0,0,0
97,13,278,473,43,1,131,80,370,161,515,3,178,28,25,179,180,187,390,138,82,411,302,357,256,55,162,391,392,139,22,404,18,346,127,182,0,0,0,0,0,0
98,290,357,256,55,428,199,200,452,565,184,570,346,127,416,303,483,249,381,119,163,445,291,101,279,210,337,305,548,0,0,0,0,0,0,0,0,0,0,0,0,0
99,156,121,358,264,467,48,469,57,157,37,405,412,529,15,83,158,49,146,309,489,68,97,64,109,520,366,114,16,360,250,204,59,0,0,0,0,0,0,0,0,0
100,102,6,365,203,128,431,0,0,0,0,0,0,0,0,0,0,0,0,0,0,0,0,0,0,0,0,0,0,0,0,0,0,0,0,0,0,0,0,0,0,1
101,79,12,166,126,443,100,262,175,395,35,160,36,0,0,0,0,0,0,0,0,0,0,0,0,0,0,0,0,0,0,0,0,0,0,0,0,0,0,0,0,1
102,460,4,442,330,541,77,152,78,32,222,273,243,5,153,274,299,33,244,300,275,542,34,245,0,0,0,0,0,0,0,0,0,0,0,0,0,0,0,0,0,1
103,76,242,310,20,578,361,9,0,0,0,0,0,0,0,0,0,0,0,0,0,0,0,0,0,0,0,0,0,0,0,0,0,0,0,0,0,0,0,0,0,1
104,60,526,506,99,115,219,220,26,240,388,584,90,173,329,116,315,283,507,338,129,0,0,0,0,0,0,0,0,0,0,0,0,0,0,0,0,0,0,0,0,1
105,473,43,1,464,80,370,161,81,3,417,28,25,179,180,187,198,453,513,181,290,357,336,55,162,199,200,452,22,184,18,346,127,182,287,483,347,0,0,0,0,1
106,577,492,359,113,295,387,103,260,95,393,261,317,514,375,87,510,344,413,49,440,268,489,68,0,0,0,0,0,0,0,0,0,0,0,0,0,0,0,0,0,1
107,39,433,135,31,189,308,237,170,7,94,359,468,281,190,103,325,95,393,326,267,72,212,87,73,344,171,49,146,268,96,68,97,64,109,520,0,0,0,0,0,1
108,511,351,310,20,8,221,580,500,56,0,0,0,0,0,0,0,0,0,0,0,0,0,0,0,0,0,0,0,0,0,0,0,0,0,0,0,0,0,0,0,1
109,434,84,104,441,66,458,231,45,289,50,348,414,69,0,0,0,0,0,0,0,0,0,0,0,0,0,0,0,0,0,0,0,0,0,0,0,0,0,0,0,1
110,241,459,186,481,76,242,310,0,0,0,0,0,0,0,0,0,0,0,0,0,0,0,0,0,0,0,0,0,0,0,0,0,0,0,0,0,0,0,0,0,0
111,174,21,460,4,442,258,46,505,152,78,32,222,0,0,0,0,0,0,0,0,0,0,0,0,0,0,0,0,0,0,0,0,0,0,0,0,0,0,0,0,0
112,24,409,207,62,91,208,225,410,247,137,576,167,0,0,0,0,0,0,0,0,0,0,0,0,0,0,0,0,0,0,0,0,0,0,0,0,0,0,0,0,0
113,106,537,194,17,232,301,461,10,136,352,195,402,377,206,334,233,117,364,42,224,67,196,27,356,79,12,166,462,143,100,0,0,0,0,0,0,0,0,0,0,0
114,279,382,337,292,0,0,0,0,0,0,0,0,0,0,0,0,0,0,0,0,0,0,0,0,0,0,0,0,0,0,0,0,0,0,0,0,0,0,0,0,0
115,481,76,242,310,567,8,0,0,0,0,0,0,0,0,0,0,0,0,0,0,0,0,0,0,0,0,0,0,0,0,0,0,0,0,0,0,0,0,0,0,0
116,147,211,447,263,546,156,456,358,264,110,48,111,524,157,550,168,169,58,15,502,422,86,70,30,288,236,307,474,0,0,0,0,0,0,0,0,0,0,0,0,0
117,52,29,437,276,482,53,194,17,232,301,461,10,136,352,394,402,377,206,253,233,477,223,42,0,0,0,0,0,0,0,0,0,0,0,0,0,0,0,0,0,0
118,29,154,313,106,53,194,569,232,301,125,10,455,352,195,402,377,378,253,355,117,364,543,224,523,196,561,230,516,12,424,0,0,0,0,0,0,0,0,0,0,0
119,356,516,575,166,126,143,100,335,408,395,556,425,36,130,444,24,176,207,528,91,380,369,410,247,451,11,426,85,277,54,574,323,473,549,1,131,80,0,0,0,0
120,14,487,349,439,0,0,0,0,0,0,0,0,0,0,0,0,0,0,0,0,0,0,0,0,0,0,0,0,0,0,0,0,0,0,0,0,0,0,0,0,1
121,459,186,481,76,351,310,0,0,0,0,0,0,0,0,0,0,0,0,0,0,0,0,0,0,0,0,0,0,0,0,0,0,0,0,0,0,0,0,0,0,1
122,521,123,353,45,289,535,0,0,0,0,0,0,0,0,0,0,0,0,0,0,0,0,0,0,0,0,0,0,0,0,0,0,0,0,0,0,0,0,0,0,1
123,10,136,352,195,183,377,378,85,277,538,13,278,473,43,1,131,508,370,427,81,3,178,28,0,0,0,0,0,0,0,0,0,0,0,0,0,0,0,0,0,1
124,182,303,107,249,209,0,0,0,0,0,0,0,0,0,0,0,0,0,0,0,0,0,0,0,0,0,0,0,0,0,0,0,0,0,0,0,0,0,0,0,1
125,262,175,395,556,425,36,463,144,24,409,207,62,498,208,369,410,247,451,11,426,504,322,54,574,278,473,43,1,131,80,226,427,515,3,0,0,0,0,0,0,1
126,192,530,61,74,99,115,219,372,26,350,193,2,90,173,329,116,270,283,75,338,129,186,481,511,351,310,567,8,221,9,88,531,318,407,21,124,4,142,0,0,1
127,230,79,12,424,462,143,100,262,408,197,556,160,551,463,444,562,176,379,62,498,380,225,177,341,137,11,426,504,277,54,13,323,0,0,0,0,0,0,0,0,1
128,77,152,78,555,362,311,243,583,436,274,299,33,339,300,319,47,34,340,331,539,254,333,52,29,437,313,482,537,194,17,354,285,461,0,0,0,0,0,0,0,1
129,530,61,506,99,115,367,220,26,350,388,0,0,0,0,0,0,0,0,0,0,0,0,0,0,0,0,0,0,0,0,0,0,0,0,0,0,0,0,0,0,1
130,296,89,98,269,218,41,257,434,84,480,441,66,123,353,45,289,50,348,172,69,384,60,61,74,490,115,367,372,26,0,0,0,0,0,0,0,0,0,0,0,0
131,363,547,257,434,84,480,441,66,123,231,45,60,61,74,490,115,219,372,559,240,193,584,90,173,329,116,315,298,75,338,459,186,105,0,0,0,0,0,0,0,0
132,60,61,74,490,115,219,372,26,240,193,2,90,173,251,472,0,0,0,0,0,0,0,0,0,0,0,0,0,0,0,0,0,0,0,0,0,0,0,0,0,0
133,332,255,52,558,437,276,482,53,385,17,354,285,125,10,136,246,195,183,377,378,334,233,117,223,42,0,0,0,0,0,0,0,0,0,0,0,0,0,0,0,0
134,412,58,15,83,422,86,70,30,288,342,307,112,149,133,93,509,450,188,159,544,433,448,554,398,266,237,406,7,94,359,113,281,387,478,325,95,393,0,0,0,0
135,198,138,82,411,302,357,256,533,162,391,200,139,565,184,18,346,127,182,303,107,249,209,119,163,445,291,495,279,0,0,0,0,0,0,0,0,0,0,0,0,0
136,126,443,494,335,175,197,35,425,0,0,0,0,0,0,0,0,0,0,0,0,0,0,0,0,0,0,0,0,0,0,0,0,0,0,0,0,0,0,0,0,0
137,400,122,282,89,485,269,218,41,328,434,84,104,441,521,123,231,45,289,0,0,0,0,0,0,0,0,0,0,0,0,0,0,0,0,0,0,0,0,0,0,0
138,462,143,100,262,175,0,0,0,0,0,0,0,0,0,0,0,0,0,0,0,0,0,0,0,0,0,0,0,0,0,0,0,0,0,0,0,0,0,0,0,0
139,360,327,204,59,40,185,122,296,0,0,0,0,0,0,0,0,0,0,0,0,0,0,0,0,0,0,0,0,0,0,0,0,0,0,0,0,0,0,0,0,0
140,163,445,304,495,279,210,337,305,548,383,140,0,0,0,0,0,0,0,0,0,0,0,0,0,0,0,0,0,0,0,0,0,0,0,0,0,0,0,0,0,0
141,482,0,0,0,0,0,0,0,0,0,0,0,0,0,0,0,0,0,0,0,0,0,0,0,0,0,0,0,0,0,0,0,0,0,0,0,0,0,0,0,0
142,177,341,0,0,0,0,0,0,0,0,0,0,0,0,0,0,0,0,0,0,0,0,0,0,0,0,0,0,0,0,0,0,0,0,0,0,0,0,0,0,0
143,99,115,367,372,559,350,193,584,497,173,251,116,270,283,75,338,129,0,0,0,0,0,0,0,0,0,0,0,0,0,0,0,0,0,0,0,0,0,0,0,0
144,477,223,42,368,523,389,27,230,79,575,424,126,143,100,262,175,395,35,425,36,130,444,24,176,379,528,498,208,369,410,247,137,0,0,0,0,0,0,0,0,0
145,418,329,116,270,298,75,338,129,401,481,76,242,310,0,0,0,0,0,0,0,0,0,0,0,0,0,0,0,0,0,0,0,0,0,0,0,0,0,0,0,0
146,499,70,30,294,342,265,474,149,449,488,509,134,188,423,544,150,135,0,0,0,0,0,0,0,0,0,0,0,0,0,0,0,0,0,0,0,0,0,0,0,0
147,402,377,378,334,233,117,223,42,224,67,196,27,356,79,12,166,462,143,100,262,175,395,556,425,36,130,144,24,409,207,528,91,208,0,0,0,0,0,0,0,0
148,333,536,29,154,276,482,53,194,17,354,301,461,10,455,352,394,402,377,378,253,233,117,364,42,368,67,196,561,356,79,12,424,126,0,0,0,0,0,0,0,0
149,0,0,0,0,0,0,0,0,0,0,0,0,0,0,0,0,0,0,0,0,0,0,0,0,0,0,0,0,0,0,0,0,0,0,0,0,0,0,0,0,0
150,425,36,130,444,24,409,207,528,91,380,369,410,247,451,576,167,504,322,54,13,278,473,43,1,131,80,226,161,515,3,178,0,0,0,0,0,0,0,0,0,1
151,94,359,113,281,190,103,325,95,393,0,0,0,0,0,0,0,0,0,0,0,0,0,0,0,0,0,0,0,0,0,0,0,0,0,0,0,0,0,0,0,1
152,151,0,0,0,0,0,0,0,0,0,0,0,0,0,0,0,0,0,0,0,0,0,0,0,0,0,0,0,0,0,0,0,0,0,0,0,0,0,0,0,1
153,49,440,268,96,518,97,519,479,520,216,114,16,217,327,376,59,40,400,457,296,496,98,269,218,41,328,151,0,0,0,0,0,0,0,0,0,0,0,0,0,1
154,81,3,178,28,563,179,180,403,198,138,82,411,302,357,336,533,162,199,200,139,22,184,18,248,127,182,303,107,249,209,119,163,145,304,101,279,0,0,0,0,1
155,106,53,194,569,232,285,461,10,136,246,195,183,205,378,253,355,117,364,42,224,67,389,27,230,79,12,166,126,443,100,335,408,197,35,425,36,130,444,562,409,1
156,72,212,87,510,238,413,49,440,309,489,68,486,64,109,65,366,470,16,360,327,204,525,40,185,0,0,0,0,0,0,0,0,0,0,0,0,0,0,0,0,1
157,0,0,0,0,0,0,0,0,0,0,0,0,0,0,0,0,0,0,0,0,0,0,0,0,0,0,0,0,0,0,0,0,0,0,0,0,0,0,0,0,1
158,40,400,457,282,89,485,314,218,41,328,151,84,104,141,521,123,353,45,297,50,239,414,69,192,60,61,74,490,115,219,372,26,240,0,0,0,0,0,0,0,1
159,312,286,33,339,300,319,47,553,340,252,539,254,255,52,0,0,0,0,0,0,0,0,0,0,0,0,0,0,0,0,0,0,0,0,0,0,0,0,0,0,1
160,409,207,62,91,208,369,410,247,137,11,167,85,322,538,13,278,118,43,1,464,80,226,161,81,3,417,28,25,419,180,187,198,453,82,411,302,357,336,533,0,1
161,84,480,141,66,458,231,45,289,535,239,172,522,192,60,61,74,490,471,219,372,559,240,388,2,497,418,251,472,315,283,507,20,0,0,0,0,0,0,0,0,1
162,82,181,302,234,256,55,162,199,0,0,0,0,0,0,0,0,0,0,0,0,0,0,0,0,0,0,0,0,0,0,0,0,0,0,0,0,0,0,0,0,1
163,237,170,7,492,215,113,295,190,103,325,95,109,65,216,114,16,360,250,376,0,0,0,0,0,0,0,0,0,0,0,0,0,0,0,0,0,0,0,0,0,1
164,240,193,2,90,418,251,116,270,283,0,0,0,0,0,0,0,0,0,0,0,0,0,0,0,0,0,0,0,0,0,0,0,0,0,0,0,0,0,0,0,1
165,182,287,107,347,209,119,163,145,304,101,44,383,454,476,484,293,19,228,397,466,0,0,0,0,0,0,0,0,0,0,0,0,0,0,0,0,0,0,0,0,1
166,419,415,187,198,138,82,411,302,234,336,533,428,391,392,452,0,0,0,0,0,0,0,0,0,0,0,0,0,0,0,0,0,0,0,0,0,0,0,0,0,1
167,416,303,107,347,381,475,163,145,304,101,316,210,337,292,44,383,454,120,484,293,19,280,527,430,373,201,396,23,0,0,0,0,0,0,0,0,0,0,0,0,1
168,1,131,80,226,161,304,101,279,210,259,292,548,383,454,476,0,0,0,0,0,0,0,0,0,0,0,0,0,0,0,0,0,0,0,0,0,0,0,0,0,1
169,74,99,115,219,220,26,350,193,2,497,173,251,472,315,298,75,241,129,401,105,511,242,271,567,578,221,9,88,531,272,174,564,124,4,442,258,46,77,0,0,1
170,101,316,210,337,305,548,213,454,120,108,293,19,320,63,430,373,201,202,23,491,0,0,0,0,0,0,0,0,0,0,0,0,0,0,0,0,0,0,0,0,0
171,527,164,373,386,202,23,102,581,365,397,0,0,0,0,0,0,0,0,0,0,0,0,0,0,0,0,0,0,0,0,0,0,0,0,0,0,0,0,0,0,0
172,531,272,174,21,460,582,142,258,46,77,152,78,32,362,273,243,583,153,0,0,0,0,0,0,0,0,0,0,0,0,0,0,0,0,0,0,0,0,0,0,0
173,108,293,571,280,63,164,227,386,396,23,491,6,365,203,128,0,0,0,0,0,0,0,0,0,0,0,0,0,0,0,0,0,0,0,0,0,0,0,0,0,0
174,174,21,124,4,142,330,541,505,435,512,32,362,273,345,5,436,312,299,33,244,284,319,47,34,245,0,0,0,0,0,0,0,0,0,0,0,0,0,0,0,0
175,98,314,218,41,328,151,0,0,0,0,0,0,0,0,0,0,0,0,0,0,0,0,0,0,0,0,0,0,0,0,0,0,0,0,0,0,0,0,0,0,0
176,204,525,545,185,122,296,496,98,269,363,41,257,434,503,480,141,66,458,353,45,289,50,348,414,69,384,530,61,506,99,471,367,372,26,350,0,0,0,0,0,0
177,224,67,196,27,356,79,12,166,126,443,494,262,175,395,35,160,36,0,0,0,0,0,0,0,0,0,0,0,0,0,0,0,0,0,0,0,0,0,0,0,0
178,374,447,324,546,420,121,214,264,110,48,111,524,421,37,405,412,58,573,83,422,499,70,30,288,342,265,474,149,133,488,509,134,188,423,39,433,135,31,189,0,0
179,356,516,575,424,126,143,494,335,175,197,35,425,36,130,444,562,226,161,81,3,417,28,25,179,180,187,390,453,0,0,0,0,0,0,0,0,0,0,0,0,0
180,171,49,0,0,0,0,0,0,0,0,0,0,0,0,0,0,0,0,0,0,0,0,0,0,0,0,0,0,0,0,0,0,0,0,0,0,0,0,0,0,1
181,0,0,0,0,0,0,0,0,0,0,0,0,0,0,0,0,0,0,0,0,0,0,0,0,0,0,0,0,0,0,0,0,0,0,0,0,0,0,0,0,1
182,404,18,248,127,416,287,483,347,209,475,429,145,304,495,316,382,259,292,44,213,140,0,0,0,0,0,0,0,0,0,0,0,0,0,0,0,0,0,0,0,1
183,35,425,36,463,444,24,409,207,62,91,208,225,177,247,0,0,0,0,0,0,0,0,0,0,0,0,0,0,0,0,0,0,0,0,0,0,0,0,0,0,1
184,0,0,0,0,0,0,0,0,0,0,0,0,0,0,0,0,0,0,0,0,0,0,0,0,0,0,0,0,0,0,0,0,0,0,0,0,0,0,0,0,1
185,212,501,510,344,413,49,440,309,489,68,97,64,479,65,366,470,16,360,250,219,372,26,0,0,0,0,0,0,0,0,0,0,0,0,0,0,0,0,0,0,1
186,242,271,20,578,361,0,0,0,0,0,0,0,0,0,0,0,0,0,0,0,0,0,0,0,0,0,0,0,0,0,0,0,0,0,0,0,0,0,0,0,1
187,350,193,173,329,472,270,298,75,338,129,401,105,76,351,271,20,8,361,9,88,56,318,407,564,0,0,0,0,0,0,0,0,0,0,0,0,0,0,0,0,1
188,435,78,32,222,273,345,5,153,312,299,33,244,284,319,47,34,245,252,51,254,333,52,29,154,313,0,0,0,0,0,0,0,0,0,0,0,0,0,0,0,1
189,368,523,196,27,230,516,575,166,197,556,425,551,130,0,0,0,0,0,0,0,0,0,0,0,0,0,0,0,0,0,0,0,0,0,0,0,0,0,0,0,1
190,62,91,0,0,0,0,0,0,0,0,0,0,0,0,0,0,0,0,0,0,0,0,0,0,0,0,0,0,0,0,0,0,0,0,0,0,0,0,0,0,0
191,358,321,467,48,469,524,157,37,168,412,58,15,502,158,86,517,557,288,342,307,112,432,449,488,71,450,399,159,39,150,448,31,398,308,343,170,7,492,215,113,0
192,547,257,434,84,480,141,66,458,231,45,289,50,348,172,69,192,60,61,74,99,115,367,220,26,350,193,584,90,173,251,472,270,298,507,338,0,0,0,0,0,0
193,46,505,435,512,32,362,311,345,5,153,312,286,33,339,300,275,542,34,340,331,51,332,333,536,29,154,313,106,537,194,17,232,301,461,10,136,408,395,556,0,0
194,567,8,361,9,500,56,318,174,21,124,4,442,258,46,77,152,78,555,222,273,243,5,153,274,299,33,339,284,275,542,34,245,252,539,332,255,0,0,0,0,0
195,106,53,194,17,354,285,125,10,136,352,394,402,205,206,334,355,576,167,85,322,538,13,0,0,0,0,0,0,0,0,0,0,0,0,0,0,0,0,0,0,0
196,94,359,113,281,190,103,325,493,191,261,267,72,375,501,73,0,0,0,0,0,0,0,0,0,0,0,0,0,0,0,0,0,0,0,0,0,0,0,0,0,0
197,417,28,25,0,0,0,0,0,0,0,0,0,0,0,0,0,0,0,0,0,0,0,0,0,0,0,0,0,0,0,0,0,0,0,0,0,0,0,0,0,0
198,118,43,1,131,80,226,161,515,3,417,28,25,179,180,187,390,453,513,181,302,234,256,55,162,391,392,139,22,184,18,346,0,0,0,0,0,0,0,0,0,0
199,21,124,4,142,330,46,77,152,512,32,222,311,243,5,153,312,286,552,244,284,275,47,553,245,331,539,332,443,494,335,175,197,35,425,36,463,144,0,0,0,0
200,147,211,447,324,546,420,121,214,321,110,48,469,524,157,37,168,412,58,15,502,158,86,517,30,288,236,265,474,432,449,93,509,134,399,0,0,0,0,0,0,0
201,10,455,246,394,402,377,206,334,233,477,364,42,368,67,389,27,356,79,575,166,126,143,494,335,175,395,35,28,25,179,415,187,390,453,0,0,0,0,0,0,0
202,17,232,285,461,10,136,246,195,402,205,378,253,355,477,223,42,224,67,389,27,356,0,0,0,0,0,0,0,0,0,0,0,0,0,0,0,0,0,0,0,0
203,539,254,255,52,29,437,313,106,537,194,17,354,301,461,10,136,352,394,183,205,206,253,355,117,364,543,368,67,196,27,356,130,444,24,0,0,0,0,0,0,0
204,116,270,298,75,241,459,401,481,76,242,271,567,8,221,9,88,531,272,174,21,331,51,332,333,52,558,154,276,482,53,194,17,354,301,461,10,0,0,0,0,0
205,313,106,53,385,17,354,285,125,10,136,246,195,183,205,206,253,355,117,223,543,224,67,196,27,230,79,12,424,126,143,100,335,408,197,35,0,0,0,0,0,0
206,105,76,242,271,20,8,361,9,500,0,0,0,0,0,0,0,0,0,0,0,0,0,0,0,0,0,0,0,0,0,0,0,0,0,0,0,0,0,0,0,0
207,222,273,345,5,436,274,286,33,244,284,319,47,34,0,0,0,0,0,0,0,0,0,0,0,0,0,0,0,0,0,0,0,0,0,0,0,0,0,0,0,0
208,33,244,284,319,47,34,245,331,51,332,333,536,29,437,276,106,53,385,17,354,285,461,10,455,246,195,183,205,206,334,233,117,0,0,0,0,0,0,0,0,0
209,299,33,244,300,319,47,34,245,331,539,254,255,0,0,0,0,0,0,0,0,0,0,0,0,0,0,0,0,0,0,0,0,0,0,0,0,0,0,0,0,0
210,182,303,483,0,0,0,0,0,0,0,0,0,0,0,0,0,0,0,0,0,0,0,0,0,0,0,0,0,0,0,0,0,0,0,0,0,0,0,0,0,0
211,162,391,200,452,0,0,0,0,0,0,0,0,0,0,0,0,0,0,0,0,0,0,0,0,0,0,0,0,0,0,0,0,0,0,0,0,0,0,0,0,0
212,89,485,269,218,547,257,434,8,221,580,88,531,272,174,21,460,4,442,258,541,505,152,78,32,222,311,537,385,17,354,285,461,579,0,0,0,0,0,0,0,0
213,242,310,20,8,221,580,500,56,272,273,345,5,153,312,0,0,0,0,0,0,0,0,0,0,0,0,0,0,0,0,0,0,0,0,0,0,0,0,0,0,0
214,25,179,415,403,198,138,513,411,290,357,256,55,428,199,200,139,22,404,18,346,127,416,287,483,249,381,119,429,445,291,495,316,382,337,292,44,383,140,120,108,0
215,156,456,214,321,467,532,469,57,421,37,168,412,529,15,502,422,499,70,557,288,236,265,112,432,133,93,71,450,399,568,217,250,376,59,40,400,122,296,89,485,0
216,518,486,519,109,65,366,114,16,360,250,204,525,40,400,122,296,496,98,314,363,41,257,151,84,104,441,66,0,0,0,0,0,0,0,0,0,0,0,0,0,0
217,145,304,101,316,210,337,305,44,213,140,476,108,306,571,320,63,430,373,386,202,566,102,581,0,0,0,0,0,0,0,0,0,0,0,0,0,0,0,0,0,0
218,3,178,28,25,419,415,403,390,138,82,181,290,357,256,139,22,184,570,248,127,102,6,228,397,466,165,0,0,0,0,0,0,0,0,0,0,0,0,0,0,0
219,98,314,363,41,328,151,84,480,441,521,123,353,45,289,50,348,414,69,0,0,0,0,0,0,0,0,0,0,0,0,0,0,0,0,0,0,0,0,0,0,0
220,248,127,416,303,107,249,209,475,163,0,0,0,0,0,0,0,0,0,0,0,0,0,0,0,0,0,0,0,0,0,0,0,0,0,0,0,0,0,0,0,1
221,447,324,38,420,456,214,264,467,48,469,57,157,37,168,169,529,15,502,422,86,70,30,288,236,307,474,432,449,488,71,134,399,423,39,433,135,0,0,0,0,1
222,21,460,4,142,330,46,77,152,78,32,362,311,243,5,436,312,286,33,244,0,0,0,0,0,0,0,0,0,0,0,0,0,0,0,0,0,0,0,0,0,1
223,164,227,201,202,23,102,6,0,0,0,0,0,0,0,0,0,0,0,0,0,0,0,0,0,0,0,0,0,0,0,0,0,0,0,0,0,0,0,0,0,1
224,0,0,0,0,0,0,0,0,0,0,0,0,0,0,0,0,0,0,0,0,0,0,0,0,0,0,0,0,0,0,0,0,0,0,0,0,0,0,0,0,1
225,354,301,125,25,179,415,403,390,453,82,181,290,357,336,55,428,199,200,0,0,0,0,0,0,0,0,0,0,0,0,0,0,0,0,0,0,0,0,0,0,1
226,423,39,150,448,31,398,308,237,170,7,492,359,113,295,0,0,0,0,0,0,0,0,0,0,0,0,0,0,0,0,0,0,0,0,0,0,0,0,0,0,1
227,88,531,318,407,0,0,0,0,0,0,0,0,0,0,0,0,0,0,0,0,0,0,0,0,0,0,0,0,0,0,0,0,0,0,0,0,0,0,0,0,1
228,450,188,159,39,150,135,31,398,266,0,0,0,0,0,0,0,0,0,0,0,0,0,0,0,0,0,0,0,0,0,0,0,0,0,0,0,0,0,0,0,1
229,388,2,0,0,0,0,0,0,0,0,0,0,0,0,0,0,0,0,0,0,0,0,0,0,0,0,0,0,0,0,0,0,0,0,0,0,0,0,0,0,1
230,239,172,522,192,530,61,74,490,115,367,372,0,0,0,0,0,0,0,0,0,0,0,0,0,0,0,0,0,0,0,0,0,0,0,0,0,0,0,0,0,0
231,321,110,0,0,0,0,0,0,0,0,0,0,0,0,0,0,0,0,0,0,0,0,0,0,0,0,0,0,0,0,0,0,0,0,0,0,0,0,0,0,0
232,91,208,369,410,247,137,0,0,0,0,0,0,0,0,0,0,0,0,0,0,0,0,0,0,0,0,0,0,0,0,0,0,0,0,0,0,0,0,0,0,0
233,457,282,89,98,269,76,351,271,567,8,345,5,153,274,299,33,339,300,319,542,553,245,252,539,254,333,52,558,154,313,106,537,194,569,354,285,461,10,0,0,0
234,87,73,344,171,49,440,268,96,68,0,0,0,0,0,0,0,0,0,0,0,0,0,0,0,0,0,0,0,0,0,0,0,0,0,0,0,0,0,0,0,0
235,133,93,509,134,399,159,39,433,135,31,189,266,343,170,7,94,215,468,281,387,103,260,493,393,326,317,514,212,87,510,238,413,49,146,309,96,518,486,519,0,0
236,350,193,2,90,173,329,472,270,283,507,241,129,186,105,511,351,271,20,8,221,9,88,56,78,32,222,311,345,5,436,274,299,552,339,0,0,0,0,0,0,0
237,121,214,264,110,48,111,524,0,0,0,0,0,0,0,0,0,0,0,0,0,0,0,0,0,0,0,0,0,0,0,0,0,0,0,0,0,0,0,0,0,0
238,98,314,363,547,257,434,84,480,141,521,123,231,540,289,535,348,414,69,192,530,61,506,99,115,219,220,26,460,582,442,258,0,0,0,0,0,0,0,0,0,0
239,425,36,463,444,24,409,207,528,91,208,225,410,0,0,0,0,0,0,0,0,0,0,0,0,0,0,0,0,0,0,0,0,0,0,0,0,0,0,0,0,0
240,512,555,362,273,243,5,153,274,286,33,244,284,275,0,0,0,0,0,0,0,0,0,0,0,0,0,0,0,0,0,0,0,0,0,0,0,0,0,0,0,1
241,100,0,0,0,0,0,0,0,0,0,0,0,0,0,0,0,0,0,0,0,0,0,0,0,0,0,0,0,0,0,0,0,0,0,0,0,0,0,0,0,1
242,493,191,326,317,0,0,0,0,0,0,0,0,0,0,0,0,0,0,0,0,0,0,0,0,0,0,0,0,0,0,0,0,0,0,0,0,0,0,0,0,1
243,102,6,365,397,0,0,0,0,0,0,0,0,0,0,0,0,0,0,0,0,0,0,0,0,0,0,0,0,0,0,0,0,0,0,0,0,0,0,0,0,1
244,41,328,151,503,104,441,66,123,231,45,297,535,0,0,0,0,0,0,0,0,0,0,0,0,0,0,0,0,0,0,0,0,0,0,0,0,0,0,0,0,1
245,280,527,430,373,386,396,23,491,6,228,397,128,431,0,0,0,0,0,0,0,0,0,0,0,0,0,0,0,0,0,0,0,0,0,0,0,0,0,0,0,1
246,350,388,2,90,418,251,116,315,298,75,338,129,186,105,511,242,310,20,8,361,9,500,56,318,407,21,124,4,142,330,46,77,152,512,32,222,311,345,5,0,1
247,44,213,140,120,108,293,19,228,0,0,0,0,0,0,0,0,0,0,0,0,0,0,0,0,0,0,0,0,0,0,0,0,0,0,0,0,0,0,0,0,1
248,0,0,0,0,0,0,0,0,0,0,0,0,0,0,0,0,0,0,0,0,0,0,0,0,0,0,0,0,0,0,0,0,0,0,0,0,0,0,0,0,1
249,541,505,152,78,32,222,311,345,5,153,274,286,33,244,284,275,47,34,245,252,51,254,255,52,29,154,276,106,53,385,17,354,301,125,0,0,0,0,0,0,1
250,409,207,62,91,208,225,177,341,451,11,167,504,322,538,287,483,347,209,475,429,445,304,0,0,0,0,0,0,0,0,0,0,0,0,0,0,0,0,0,0,1
251,549,1,131,508,226,161,81,3,178,560,25,179,180,403,390,138,82,181,213,454,120,484,306,571,320,63,430,227,201,202,23,102,0,0,0,0,0,0,0,0,1
252,258,541,77,152,512,555,222,273,345,5,436,274,286,552,244,300,275,47,34,0,0,0,0,0,0,0,0,0,0,0,0,0,0,0,0,0,0,0,0,0,1
253,85,322,538,13,278,118,43,1,131,80,0,0,0,0,0,0,0,0,0,0,0,0,0,0,0,0,0,0,0,0,0,0,0,0,0,0,0,0,0,0,1
254,45,297,50,239,172,69,192,60,526,506,490,115,219,372,26,350,388,2,0,0,0,0,0,0,0,0,0,0,0,0,0,0,0,0,0,0,0,0,0,0,1
255,192,60,61,74,99,115,219,220,26,240,193,2,497,173,329,136,246,195,0,0,0,0,0,0,0,0,0,0,0,0,0,0,0,0,0,0,0,0,0,0,1
256,44,383,140,120,108,306,0,0,0,0,0,0,0,0,0,0,0,0,0,0,0,0,0,0,0,0,0,0,0,0,0,0,0,0,0,0,0,0,0,0,1
257,43,1,464,508,226,427,81,0,0,0,0,0,0,0,0,0,0,0,0,0,0,0,0,0,0,0,0,0,0,0,0,0,0,0,0,0,0,0,0,0,1
258,175,395,35,425,36,463,144,24,409,0,0,0,0,0,0,0,0,0,0,0,0,0,0,0,0,0,0,0,0,0,0,0,0,0,0,0,0,0,0,0,1
259,75,241,129,186,481,76,242,271,362,311,243,5,436,312,286,364,42,368,523,389,27,230,79,575,424,462,143,100,0,0,0,0,0,0,0,0,0,0,0,0,1
260,139,22,404,18,346,127,416,303,107,249,209,475,163,145,291,101,316,382,259,292,44,383,140,120,108,306,19,280,63,0,0,0,0,0,0,0,0,0,0,0,0
261,101,0,0,0,0,0,0,0,0,0,0,0,0,0,0,0,0,0,0,0,0,0,0,0,0,0,0,0,0,0,0,0,0,0,0,0,0,0,0,0,0
262,245,252,51,254,333,52,29,154,313,106,537,385,569,232,285,125,10,136,352,0,0,0,0,0,0,0,0,0,0,0,0,0,0,0,0,0,0,0,0,0,0
263,396,23,102,581,228,203,466,431,0,0,0,0,0,0,0,0,0,0,0,0,0,0,0,0,0,0,0,0,0,0,0,0,0,0,0,0,0,0,0,0,0
264,547,328,151,503,104,441,66,458,353,45,289,50,239,172,522,384,530,526,0,0,0,0,0,0,0,0,0,0,0,0,0,0,0,0,0,0,0,0,0,0,0
265,276,106,53,385,569,232,301,461,10,136,352,195,402,377,378,253,355,117,223,42,368,67,196,27,356,79,12,166,126,0,0,0,0,0,0,0,0,0,0,0,0
266,101,316,382,0,0,0,0,0,0,0,0,0,0,0,0,0,0,0,0,0,0,0,0,0,0,0,0,0,0,0,0,0,0,0,0,0,0,0,0,0,0
267,579,455,246,394,183,205,206,334,355,117,223,42,368,523,389,561,230,79,12,0,0,0,0,0,0,0,0,0,0,0,0,0,0,0,0,0,0,0,0,0,0
268,266,343,170,577,94,215,468,295,190,103,260,95,0,0,0,0,0,0,0,0,0,0,0,0,0,0,0,0,0,0,0,0,0,0,0,0,0,0,0,0,0
269,361,9,88,56,272,407,564,124,4,142,330,46,505,152,512,555,362,311,243,5,153,312,286,552,244,284,275,542,553,340,331,51,332,0,0,0,0,0,0,0,0
270,462,143,100,335,175,395,35,160,36,130,444,562,409,207,528,91,380,369,410,247,451,11,167,504,322,538,13,323,473,549,108,293,0,0,0,0,0,0,0,0,0
271,111,57,157,37,405,169,58,15,502,0,0,0,0,0,0,0,0,0,0,0,0,0,0,0,0,0,0,0,0,0,0,0,0,0,0,0,0,0,0,0,0
272,275,542,34,340,331,51,332,0,0,0,0,0,0,0,0,0,0,0,0,0,0,0,0,0,0,0,0,0,0,0,0,0,0,0,0,0,0,0,0,0,0
273,468,281,387,103,260,493,393,261,267,72,212,501,510,238,413,49,146,268,489,68,486,519,479,65,366,470,568,217,250,376,59,40,185,0,0,0,0,0,0,0,0
274,239,414,522,384,530,526,74,490,471,367,0,0,0,0,0,0,0,0,0,0,0,0,0,0,0,0,0,0,0,0,0,0,0,0,0,0,0,0,0,0,0
275,49,146,309,489,68,97,64,479,520,216,114,16,360,327,376,0,0,0,0,0,0,0,0,0,0,0,0,0,0,0,0,0,0,0,0,0,0,0,0,0,0
276,229,438,446,0,0,0,0,0,0,0,0,0,0,0,0,0,0,0,0,0,0,0,0,0,0,0,0,0,0,0,0,0,0,0,0,0,0,0,0,0,0
277,248,0,0,0,0,0,0,0,0,0,0,0,0,0,0,0,0,0,0,0,0,0,0,0,0,0,0,0,0,0,0,0,0,0,0,0,0,0,0,0,0
278,260,493,393,261,317,72,375,501,510,238,413,534,440,309,96,68,486,64,109,65,366,114,568,360,0,0,0,0,0,0,0,0,0,0,0,0,0,0,0,0,0
279,487,235,147,211,132,263,38,156,121,358,321,467,48,469,57,157,37,168,412,529,15,502,158,499,70,30,294,0,0,0,0,0,0,0,0,0,0,0,0,0,0
280,572,92,235,147,308,216,114,16,360,327,204,525,40,185,122,296,89,98,0,0,0,0,0,0,0,0,0,0,0,0,0,0,0,0,0,0,0,0,0,0,1
281,489,68,97,64,109,65,216,470,568,217,327,204,59,40,0,0,0,0,0,0,0,0,0,0,0,0,0,0,0,0,0,0,0,0,0,0,0,0,0,0,1
282,134,188,159,544,150,135,31,189,308,237,406,7,94,215,113,281,387,478,325,95,191,261,267,72,212,87,73,344,0,0,0,0,0,0,0,0,0,0,0,0,1
283,16,217,250,204,59,40,400,122,240,193,2,90,173,251,116,315,298,507,338,129,186,105,511,351,310,20,8,221,580,500,56,318,174,21,460,4,442,258,46,0,1
284,321,467,48,469,57,421,37,168,412,58,573,83,158,86,70,557,294,342,307,474,432,449,488,509,134,188,423,39,433,135,554,189,308,343,170,7,94,215,0,0,1
285,85,277,54,13,278,118,549,1,131,80,370,427,81,3,178,560,25,419,180,187,198,138,82,411,119,429,145,304,495,279,382,259,305,0,0,0,0,0,0,0,1
286,18,346,127,416,287,483,347,381,475,429,145,304,101,316,210,337,292,44,213,454,120,108,293,19,280,63,164,373,201,396,23,0,0,0,0,0,0,0,0,0,1
287,54,574,323,473,549,1,131,80,226,427,81,3,178,28,25,179,415,0,0,0,0,0,0,0,0,0,0,0,0,0,0,0,0,0,0,0,0,0,0,0,1
288,352,195,183,205,378,253,355,117,364,543,224,523,196,27,230,516,12,424,126,443,100,262,408,197,35,160,36,130,144,562,409,379,62,91,208,225,177,0,0,0,1
289,390,138,82,181,302,234,256,55,0,0,0,0,0,0,0,0,0,0,0,0,0,0,0,0,0,0,0,0,0,0,0,0,0,0,0,0,0,0,0,0,1
290,378,253,355,117,0,0,0,0,0,0,0,0,0,0,0,0,0,0,0,0,0,0,0,0,0,0,0,0,0,0,0,0,0,0,0,0,0,0,0,0,0
291,181,302,234,336,55,428,391,392,139,565,184,18,346,127,182,287,483,347,381,475,429,445,128,165,371,438,446,0,0,0,0,0,0,0,0,0,0,0,0,0,0
292,508,226,427,81,3,178,560,25,419,180,187,390,138,82,181,0,0,0,0,0,0,0,0,0,0,0,0,0,0,0,0,0,0,0,0,0,0,0,0,0,0
293,125,10,136,352,195,183,205,206,334,233,477,364,543,278,118,43,1,131,508,226,161,515,585,178,0,0,0,0,0,0,0,0,0,0,0,0,0,0,0,0,0
294,234,336,55,428,0,0,0,0,0,0,0,0,0,0,0,0,0,0,0,0,0,0,0,0,0,0,0,0,0,0,0,0,0,0,0,0,0,0,0,0,0
295,74,372,26,350,388,2,90,418,251,116,270,283,75,338,459,186,105,76,242,310,20,8,361,9,500,56,272,407,21,124,582,442,330,425,0,0,0,0,0,0,0
296,387,478,260,95,393,326,317,514,375,501,73,344,413,49,440,309,489,68,97,64,109,520,366,114,16,360,327,0,0,0,0,0,0,0,0,0,0,0,0,0,0
297,121,0,0,0,0,0,0,0,0,0,0,0,0,0,0,0,0,0,0,0,0,0,0,0,0,0,0,0,0,0,0,0,0,0,0,0,0,0,0,0,0
298,109,65,216,470,16,360,327,204,59,545,185,122,282,89,98,314,218,41,257,151,503,480,441,66,123,231,45,289,50,239,172,69,192,60,61,506,99,115,367,220,0
299,176,207,0,0,0,0,0,0,0,0,0,0,0,0,0,0,0,0,0,0,0,0,0,0,0,0,0,0,0,0,0,0,0,0,0,0,0,0,0,0,0
300,0,0,0,0,0,0,0,0,0,0,0,0,0,0,0,0,0,0,0,0,0,0,0,0,0,0,0,0,0,0,0,0,0,0,0,0,0,0,0,0,0
301,9,88,56,318,174,24,101,279,382,337,305,0,0,0,0,0,0,0,0,0,0,0,0,0,0,0,0,0,0,0,0,0,0,0,0,0,0,0,0,0,0
302,520,216,114,568,360,250,376,59,545,185,122,296,496,485,269,363,41,328,151,84,0,0,0,0,0,0,0,0,0,0,0,0,0,0,0,0,0,0,0,0,0
303,482,537,194,17,354,285,461,513,181,290,234,336,55,428,391,200,139,0,0,0,0,0,0,0,0,0,0,0,0,0,0,0,0,0,0,0,0,0,0,0,0
304,314,363,41,257,151,84,480,141,66,123,0,0,0,0,0,0,0,0,0,0,0,0,0,0,0,0,0,0,0,0,0,0,0,0,0,0,0,0,0,0,0
305,309,96,518,0,0,0,0,0,0,0,0,0,0,0,0,0,0,0,0,0,0,0,0,0,0,0,0,0,0,0,0,0,0,0,0,0,0,0,0,0,0
306,521,458,353,0,0,0,0,0,0,0,0,0,0,0,0,0,0,0,0,0,0,0,0,0,0,0,0,0,0,0,0,0,0,0,0,0,0,0,0,0,0
307,88,56,272,407,21,124,4,142,330,46,505,152,78,32,362,311,0,0,0,0,0,0,0,0,0,0,0,0,0,0,0,0,0,0,0,0,0,0,0,0,0
308,5,436,312,286,552,339,284,275,542,553,340,331,51,254,255,52,29,437,313,379,62,91,380,225,177,0,0,0,0,0,0,0,0,0,0,0,0,0,0,0,0
309,2,90,173,329,472,270,0,0,0,0,0,0,0,0,0,0,0,0,0,0,0,0,0,0,0,0,0,0,0,0,0,0,0,0,0,0,0,0,0,0,0
310,54,13,278,118,43,1,131,80,226,161,515,3,178,560,25,179,415,403,198,138,213,454,120,484,293,19,0,0,0,0,0,0,0,0,0,0,0,0,0,0,1
311,85,277,54,13,278,118,43,1,464,508,370,161,81,3,417,28,55,0,0,0,0,0,0,0,0,0,0,0,0,0,0,0,0,0,0,0,0,0,0,0,1
312,317,514,212,87,73,238,171,534,146,0,0,0,0,0,0,0,0,0,0,0,0,0,0,0,0,0,0,0,0,0,0,0,0,0,0,0,0,0,0,0,1
313,34,394,402,205,378,0,0,0,0,0,0,0,0,0,0,0,0,0,0,0,0,0,0,0,0,0,0,0,0,0,0,0,0,0,0,0,0,0,0,0,1
314,11,426,85,277,538,574,323,473,43,586,131,508,370,161,515,585,0,0,0,0,0,0,0,0,0,0,0,0,0,0,0,0,0,0,0,0,0,0,0,0,1
315,333,536,558,154,276,106,53,385,17,232,301,125,10,136,352,195,183,205,206,253,355,117,364,42,368,118,549,586,464,80,370,161,515,0,0,0,0,0,0,0,1
316,88,531,318,407,21,124,4,142,258,46,77,152,78,555,222,273,243,5,436,274,299,33,339,300,319,47,34,340,252,539,332,255,52,0,0,0,0,0,0,0,1
317,35,425,36,463,144,24,176,379,62,91,380,225,410,247,451,576,167,85,277,54,13,278,118,549,1,0,0,0,0,0,0,0,0,0,0,0,0,0,0,0,1
318,309,489,123,353,45,297,535,239,414,69,192,530,526,506,490,471,219,372,26,240,388,2,497,418,251,472,270,298,75,338,459,186,105,76,351,0,0,0,0,0,1
319,60,0,0,0,0,0,0,0,0,0,0,0,0,0,0,0,0,0,0,0,0,0,0,0,0,0,0,0,0,0,0,0,0,0,0,0,0,0,0,0,1
320,432,133,93,71,134,399,159,544,433,135,554,398,0,0,0,0,0,0,0,0,0,0,0,0,0,0,0,0,0,0,0,0,0,0,0,0,0,0,0,0,0
321,39,0,0,0,0,0,0,0,0,0,0,0,0,0,0,0,0,0,0,0,0,0,0,0,0,0,0,0,0,0,0,0,0,0,0,0,0,0,0,0,0
322,386,202,566,491,6,228,397,128,431,371,155,0,0,0,0,0,0,0,0,0,0,0,0,0,0,0,0,0,0,0,0,0,0,0,0,0,0,0,0,0,0
323,31,189,266,237,170,0,0,0,0,0,0,0,0,0,0,0,0,0,0,0,0,0,0,0,0,0,0,0,0,0,0,0,0,0,0,0,0,0,0,0,0
324,7,94,359,122,0,0,0,0,0,0,0,0,0,0,0,0,0,0,0,0,0,0,0,0,0,0,0,0,0,0,0,0,0,0,0,0,0,0,0,0,0
325,300,275,47,34,245,252,51,332,255,52,29,154,0,0,0,0,0,0,0,0,0,0,0,0,0,0,0,0,0,0,0,0,0,0,0,0,0,0,0,0,0
326,134,188,423,39,433,448,31,189,266,343,406,7,94,215,113,281,387,103,325,493,393,261,317,514,375,501,73,344,413,59,40,400,457,0,0,0,0,0,0,0,0
327,492,215,468,295,190,103,260,493,393,261,267,514,375,87,73,344,171,49,146,268,96,68,97,64,109,65,366,114,16,0,0,0,0,0,0,0,0,0,0,0,0
328,400,122,282,496,503,104,441,66,458,353,45,297,535,239,414,522,384,530,526,74,99,471,219,4,142,330,46,505,435,78,32,362,311,243,583,153,0,0,0,0,0
329,170,7,94,359,113,281,387,478,250,193,2,497,418,251,116,270,283,507,338,129,186,105,511,242,310,20,0,0,0,0,0,0,0,0,0,0,0,0,0,0,0
330,185,457,282,89,98,269,218,547,0,0,0,0,0,0,0,0,0,0,0,0,0,0,0,0,0,0,0,0,0,0,0,0,0,0,0,0,0,0,0,0,0
331,339,300,319,542,553,340,252,51,254,255,536,558,154,276,106,53,385,569,232,0,0,0,0,0,0,0,0,0,0,0,0,0,0,0,0,0,0,0,0,0,0
332,540,297,50,26,350,388,2,90,418,251,116,270,298,507,338,129,186,481,511,351,271,20,8,221,9,88,56,272,174,21,124,4,142,0,0,0,0,0,0,0,0
333,8,361,9,88,56,272,407,21,124,582,142,330,46,77,136,246,394,183,205,378,253,355,477,223,0,0,0,0,0,0,0,0,0,0,0,0,0,0,0,0,0
334,194,17,354,285,461,10,136,246,394,402,205,0,0,0,0,0,0,0,0,0,0,0,0,0,0,0,0,0,0,0,0,0,0,0,0,0,0,0,0,0,0
335,334,233,117,223,42,224,67,196,27,356,516,575,166,126,143,494,335,175,197,35,160,36,463,444,24,0,0,0,0,0,0,0,0,0,0,0,0,0,0,0,0
336,479,520,366,114,16,217,250,376,59,40,400,122,282,496,485,269,363,41,328,434,84,480,441,66,123,231,45,297,50,239,414,69,192,270,298,75,241,129,401,105,0
337,222,273,243,0,0,0,0,0,0,0,0,0,0,0,0,0,0,0,0,0,0,0,0,0,0,0,0,0,0,0,0,0,0,0,0,0,0,0,0,0,0
338,233,477,223,543,368,523,196,27,230,79,12,166,126,143,494,262,175,395,35,160,36,130,144,24,409,379,528,91,380,369,177,0,0,0,0,0,0,0,0,0,0
339,401,481,76,9,88,531,272,174,564,460,582,142,330,46,77,435,78,32,362,311,243,583,153,312,299,552,339,284,275,47,553,340,252,51,254,255,52,29,0,0,0
340,528,91,208,369,177,247,451,576,167,85,277,54,574,0,0,0,0,0,0,0,0,0,0,0,0,0,0,0,0,0,0,0,0,0,0,0,0,0,0,0,1
341,370,161,81,3,417,28,25,419,415,187,390,453,82,411,302,234,336,55,162,199,200,139,22,404,18,248,465,0,0,0,0,0,0,0,0,0,0,0,0,0,1
342,447,263,546,156,456,358,264,110,48,469,524,157,37,168,169,58,573,83,158,86,517,30,294,236,307,474,432,133,93,71,134,188,0,0,0,0,0,0,0,0,1
343,41,257,151,84,480,441,66,458,353,540,297,50,348,414,69,192,60,61,74,99,115,219,372,26,350,193,2,90,173,329,472,315,298,507,338,129,186,0,0,0,1
344,64,109,65,216,470,16,360,327,204,59,545,400,457,282,496,98,314,363,0,0,0,0,0,0,0,0,0,0,0,0,0,0,0,0,0,0,0,0,0,0,1
345,282,89,98,269,363,129,186,105,511,242,310,20,8,221,9,500,0,0,0,0,0,0,0,0,0,0,0,0,0,0,0,0,0,0,0,0,0,0,0,0,1
346,25,179,180,187,198,453,513,181,302,234,256,533,162,391,200,452,0,0,0,0,0,0,0,0,0,0,0,0,0,0,0,0,0,0,0,0,0,0,0,0,1
347,69,192,530,61,74,401,105,511,242,271,52,29,154,313,0,0,0,0,0,0,0,0,0,0,0,0,0,0,0,0,0,0,0,0,0,0,0,0,0,0,1
348,94,215,468,295,387,478,260,95,191,326,267,72,212,0,0,0,0,0,0,0,0,0,0,0,0,0,0,0,0,0,0,0,0,0,0,0,0,0,0,0,1
349,0,0,0,0,0,0,0,0,0,0,0,0,0,0,0,0,0,0,0,0,0,0,0,0,0,0,0,0,0,0,0,0,0,0,0,0,0,0,0,0,1
350,538,13,323,473,549,1,464,80,226,161,81,3,419,415,187,198,453,82,411,302,234,336,533,428,199,0,0,0,0,0,0,0,0,0,0,0,0,0,0,0,0
351,129,186,105,511,242,271,567,8,221,9,500,56,272,407,564,124,4,442,330,0,0,0,0,0,0,0,0,0,0,0,0,0,0,0,0,0,0,0,0,0,0
352,282,496,485,269,363,41,257,151,84,251,116,270,298,0,0,0,0,0,0,0,0,0,0,0,0,0,0,0,0,0,0,0,0,0,0,0,0,0,0,0,0
353,535,239,172,69,384,60,61,74,490,115,219,372,26,350,388,2,90,418,251,116,270,283,75,241,459,186,481,511,242,271,20,578,221,0,0,0,0,0,0,0,0
354,546,40,185,122,296,89,98,269,363,547,257,434,84,480,141,521,123,231,45,297,50,348,172,69,192,60,61,506,0,0,0,0,0,0,0,0,0,0,0,0,0
355,49,146,268,96,68,97,64,109,65,216,0,0,0,0,0,0,0,0,0,0,0,0,0,0,0,0,0,0,0,0,0,0,0,0,0,0,0,0,0,0,0
356,81,3,417,28,25,419,415,187,198,453,82,181,302,234,256,55,162,199,200,452,22,404,18,248,127,182,287,483,347,209,475,163,445,291,101,279,382,259,292,44,0
357,139,22,0,0,0,0,0,0,0,0,0,0,0,0,0,0,0,0,0,0,0,0,0,0,0,0,0,0,0,0,0,0,0,0,0,0,0,0,0,0,0
358,90,173,251,116,270,283,75,338,459,401,105,243,5,153,312,299,552,339,284,275,47,34,340,252,51,0,0,0,0,0,0,0,0,0,0,0,0,0,0,0,0
359,486,64,479,65,216,114,568,217,250,376,525,545,185,122,282,496,485,314,363,41,328,434,84,480,141,66,123,231,45,297,535,239,414,522,384,186,56,272,407,21,0
360,363,41,257,434,84,104,141,66,458,231,45,289,50,348,172,522,192,60,526,74,490,471,367,220,559,240,193,283,507,338,459,186,481,511,242,310,20,8,221,0,1
361,366,114,16,360,250,0,0,0,0,0,0,0,0,0,0,0,0,0,0,0,0,0,0,0,0,0,0,0,0,0,0,0,0,0,0,0,0,0,0,0,1
362,273,243,583,153,312,52,29,437,313,106,53,385,17,232,301,461,10,136,352,195,402,205,378,253,355,117,223,42,368,67,196,27,356,79,12,424,0,0,0,0,1
363,478,260,493,393,326,309,96,518,486,519,479,65,366,470,497,173,0,0,0,0,0,0,0,0,0,0,0,0,0,0,0,0,0,0,0,0,0,0,0,0,1
364,304,101,279,382,259,292,548,383,140,120,108,293,19,280,63,164,373,386,396,23,102,6,365,203,0,0,0,0,0,0,0,0,0,0,0,0,0,0,0,0,1
365,191,326,317,514,212,87,510,238,171,534,146,268,96,68,97,519,109,65,366,0,0,0,0,0,0,0,0,0,0,0,0,0,0,0,0,0,0,0,0,0,1
366,286,552,339,300,275,47,34,245,252,51,332,3,417,560,563,419,180,403,198,138,392,139,22,184,18,0,0,0,0,0,0,0,0,0,0,0,0,0,0,0,1
367,122,282,89,98,269,218,547,328,434,503,104,441,66,123,231,45,289,535,239,414,69,192,60,0,0,0,0,0,0,0,0,0,0,0,0,0,0,0,0,0,1
368,104,141,521,123,231,45,289,50,239,414,69,192,530,61,506,99,471,367,372,26,507,241,129,186,105,76,242,310,20,578,221,9,88,531,318,0,0,0,0,0,1
369,358,264,110,48,111,57,421,37,405,412,58,15,83,422,499,70,30,288,236,265,112,149,449,488,71,134,399,423,39,150,135,554,398,266,237,406,7,492,0,0,1
370,574,323,118,0,0,0,0,0,0,0,0,0,0,0,0,0,0,0,0,0,0,0,0,0,0,0,0,0,0,0,0,0,0,0,0,0,0,0,0,0,0
371,242,271,20,8,255,536,29,154,276,106,53,0,0,0,0,0,0,0,0,0,0,0,0,0,0,0,0,0,0,0,0,0,0,0,0,0,0,0,0,0,0
372,329,472,315,298,75,338,129,401,105,76,351,271,20,578,221,0,0,0,0,0,0,0,0,0,0,0,0,0,0,0,0,0,0,0,0,0,0,0,0,0,0
373,325,95,393,261,267,514,212,87,73,344,171,49,440,268,96,68,97,64,109,65,366,114,16,217,250,376,59,40,400,457,282,89,0,0,0,0,0,0,0,0,0
374,300,255,52,558,437,276,482,537,385,17,354,285,461,10,455,246,195,402,377,378,253,355,117,223,543,224,67,389,561,370,427,81,3,0,0,0,0,0,0,0,0
375,471,367,372,559,350,388,2,90,418,0,0,0,0,0,0,0,0,0,0,0,0,0,0,0,0,0,0,0,0,0,0,0,0,0,0,0,0,0,0,0,0
376,173,329,116,315,283,507,241,20,578,361,9,88,312,286,552,339,276,106,53,194,17,232,301,125,579,364,543,224,523,196,27,0,0,0,0,0,0,0,0,0,0
377,168,412,58,15,83,158,86,517,30,288,236,265,474,149,449,93,71,296,89,98,269,218,41,257,434,0,0,0,0,0,0,0,0,0,0,0,0,0,0,0,0
378,86,517,30,288,236,265,112,149,449,93,71,134,399,423,39,150,135,31,189,308,343,170,7,217,327,204,59,545,185,457,282,496,98,314,363,41,328,151,84,0,0
379,196,27,0,0,0,0,0,0,0,0,0,0,0,0,0,0,0,0,0,0,0,0,0,0,0,0,0,0,0,0,0,0,0,0,0,0,0,0,0,0,0
380,373,201,202,566,0,0,0,0,0,0,0,0,0,0,0,0,0,0,0,0,0,0,0,0,0,0,0,0,0,0,0,0,0,0,0,0,0,0,0,0,0
381,249,381,475,163,445,291,495,279,382,259,305,548,213,140,120,484,293,19,280,63,164,227,386,396,566,102,6,365,0,0,0,0,0,0,0,0,0,0,0,0,0
382,305,44,383,140,120,484,306,571,280,63,430,373,386,202,0,0,0,0,0,0,0,0,0,0,0,0,0,0,0,0,0,0,0,0,0,0,0,0,0,0,0
383,0,0,0,0,0,0,0,0,0,0,0,0,0,0,0,0,0,0,0,0,0,0,0,0,0,0,0,0,0,0,0,0,0,0,0,0,0,0,0,0,0
384,283,75,241,459,186,481,511,351,310,20,42,368,67,389,27,230,516,12,166,462,143,100,262,175,197,35,160,36,0,0,0,0,0,0,0,0,0,0,0,0,0
385,501,73,344,171,49,146,309,96,68,486,64,109,520,366,114,77,435,512,555,222,273,345,5,436,274,286,33,244,284,0,0,0,0,0,0,0,0,0,0,0,0
386,25,419,415,187,390,453,513,411,290,234,0,0,0,0,0,0,0,0,0,0,0,0,0,0,0,0,0,0,0,0,0,0,0,0,0,0,0,0,0,0,0
387,15,83,422,86,70,30,288,236,265,112,149,133,93,71,450,399,159,39,433,0,0,0,0,0,0,0,0,0,0,0,0,0,0,0,0,0,0,0,0,0,0
388,109,520,366,470,568,360,327,204,59,545,185,122,296,89,98,269,218,547,257,151,84,104,141,66,123,0,0,0,0,0,0,0,0,0,0,0,0,0,0,0,0
389,47,34,245,252,539,254,333,52,29,437,313,482,53,385,17,232,301,125,10,136,246,0,0,0,0,0,0,0,0,0,0,0,0,0,0,0,0,0,0,0,0
390,132,324,38,0,0,0,0,0,0,0,0,0,0,0,0,0,0,0,0,0,0,0,0,0,0,0,0,0,0,0,0,0,0,0,0,0,0,0,0,0,0
391,514,212,87,510,238,171,49,146,309,489,0,0,0,0,0,0,0,0,0,0,0,0,0,0,0,0,0,0,0,0,0,0,0,0,0,0,0,0,0,0,0
392,7,492,359,113,295,190,103,325,97,64,479,65,216,470,16,217,250,204,59,40,50,239,414,69,384,60,61,74,0,0,0,0,0,0,0,0,0,0,0,0,0
393,8,221,9,88,56,272,407,21,124,4,142,258,541,505,152,542,34,340,252,51,254,333,536,29,154,276,106,537,194,17,354,301,125,10,136,246,394,402,377,206,0
394,235,439,211,447,263,38,420,121,358,264,110,48,469,57,157,37,168,169,58,15,83,422,499,517,0,0,0,0,0,0,0,0,0,0,0,0,0,0,0,0,0
395,120,108,306,19,320,63,164,373,201,202,23,0,0,0,0,0,0,0,0,0,0,0,0,0,0,0,0,0,0,0,0,0,0,0,0,0,0,0,0,0,0
396,278,473,43,1,131,80,226,161,515,0,0,0,0,0,0,0,0,0,0,0,0,0,0,0,0,0,0,0,0,0,0,0,0,0,0,0,0,0,0,0,0
397,14,92,235,147,374,132,263,38,156,121,358,321,110,532,111,57,157,37,405,169,0,0,0,0,0,0,0,0,0,0,0,0,0,0,0,0,0,0,0,0,0
398,295,204,525,40,400,457,296,89,98,269,363,547,328,434,84,104,141,66,123,0,0,0,0,0,0,0,0,0,0,0,0,0,0,0,0,0,0,0,0,0,0
399,151,84,104,141,66,123,353,540,289,535,348,172,69,192,60,61,74,99,471,219,220,559,436,312,286,33,244,300,52,29,154,313,278,473,43,0,0,0,0,0,0
400,403,390,138,82,181,290,357,256,55,162,199,200,452,565,184,18,346,127,182,287,107,249,381,119,0,0,0,0,0,0,0,0,0,0,0,0,0,0,0,0,1
401,476,108,293,19,320,63,430,373,0,0,0,0,0,0,0,0,0,0,0,0,0,0,0,0,0,0,0,0,0,0,0,0,0,0,0,0,0,0,0,0,1
402,369,410,247,137,11,167,504,322,54,574,278,127,182,287,483,0,0,0,0,0,0,0,0,0,0,0,0,0,0,0,0,0,0,0,0,0,0,0,0,0,1
403,169,529,15,502,158,86,517,30,294,236,307,0,0,0,0,0,0,0,0,0,0,0,0,0,0,0,0,0,0,0,0,0,0,0,0,0,0,0,0,0,1
404,21,124,4,442,258,46,505,152,78,32,362,273,243,5,436,312,299,0,0,0,0,0,0,0,0,0,0,0,0,0,0,0,0,0,0,0,0,0,0,0,1
405,381,475,163,145,304,101,316,210,259,292,548,213,454,476,484,293,19,320,527,430,227,201,396,23,102,6,365,397,0,0,0,0,0,0,0,0,0,0,0,0,1
406,451,11,167,370,161,81,3,417,28,25,419,415,187,198,138,82,411,290,234,336,55,162,199,200,139,22,404,18,346,465,416,287,107,249,209,475,429,145,304,495,1
407,57,421,37,168,169,58,15,83,158,499,70,30,260,95,191,326,267,514,375,87,73,238,413,49,0,0,0,0,0,0,0,0,0,0,0,0,0,0,0,0,1
408,135,31,189,266,237,170,7,94,215,113,295,190,478,325,95,191,326,267,72,375,87,73,238,171,503,480,441,540,297,50,239,0,0,0,0,0,0,0,0,0,1
409,58,15,83,158,499,70,30,294,236,307,112,432,133,93,71,134,399,159,39,433,448,31,189,308,237,406,577,94,359,113,0,0,0,0,0,0,0,0,0,0,1
410,44,383,140,120,108,306,19,280,527,164,227,201,202,23,102,6,0,0,0,0,0,0,0,0,0,0,0,0,0,0,0,0,0,0,0,0,0,0,0,0,0
411,379,528,91,380,369,410,341,451,11,167,85,277,0,0,0,0,0,0,0,0,0,0,0,0,0,0,0,0,0,0,0,0,0,0,0,0,0,0,0,0,0
412,350,388,2,497,173,329,472,315,298,335,408,197,0,0,0,0,0,0,0,0,0,0,0,0,0,0,0,0,0,0,0,0,0,0,0,0,0,0,0,0,0
413,169,58,159,216,470,16,217,250,204,59,388,2,90,173,251,116,315,298,507,338,129,401,105,76,242,271,20,0,0,0,0,0,0,0,0,0,0,0,0,0,0
414,433,448,554,398,266,237,170,7,492,215,113,281,387,329,116,315,298,507,338,129,186,105,318,407,0,0,0,0,0,0,0,0,0,0,0,0,0,0,0,0,0
415,159,39,150,448,31,0,0,0,0,0,0,0,0,0,0,0,0,0,0,0,0,0,0,0,0,0,0,0,0,0,0,0,0,0,0,0,0,0,0,0,0
416,551,130,144,562,409,379,62,498,208,225,410,247,137,417,560,25,179,415,403,198,453,513,181,302,234,256,533,428,391,392,452,22,184,201,229,155,0,0,0,0,0
417,127,416,303,483,0,0,0,0,0,0,0,0,0,0,0,0,0,0,0,0,0,0,0,0,0,0,0,0,0,0,0,0,0,0,0,0,0,0,0,0,0
418,551,130,144,504,277,54,574,323,473,43,1,464,80,370,161,81,3,417,28,306,571,320,527,164,373,386,202,23,102,6,228,397,466,431,371,155,0,0,0,0,0
419,582,442,330,46,77,152,78,32,222,273,243,5,436,312,286,552,244,284,275,47,34,340,331,539,332,333,52,29,154,276,0,0,0,0,0,0,0,0,0,0,0
420,4,442,258,541,77,435,78,555,362,311,243,5,153,274,299,33,244,284,275,47,553,245,252,539,332,333,52,29,437,313,106,53,194,569,354,285,125,0,0,0,0
421,399,159,39,150,135,554,398,191,363,547,257,151,503,104,141,66,458,353,45,297,535,348,172,69,192,61,74,99,471,219,220,26,350,0,0,0,0,0,0,0,0
422,268,96,518,486,519,109,65,216,114,16,360,0,0,0,0,0,0,0,0,0,0,0,0,0,0,0,0,0,0,0,0,0,0,0,0,0,0,0,0,0,0
423,580,88,56,318,174,21,124,4,442,258,541,77,152,78,32,362,273,345,5,153,274,299,33,339,300,319,47,553,245,331,51,332,333,368,523,389,27,356,0,0,0
424,485,314,218,41,257,151,84,480,441,521,123,353,540,289,50,348,172,69,384,530,61,435,512,274,299,33,244,284,275,47,553,340,331,539,332,333,536,0,0,0,0
425,0,0,0,0,0,0,0,0,0,0,0,0,0,0,0,0,0,0,0,0,0,0,0,0,0,0,0,0,0,0,0,0,0,0,0,0,0,0,0,0,0
426,406,282,496,98,314,218,547,257,151,503,104,141,66,123,231,45,297,50,0,0,0,0,0,0,0,0,0,0,0,0,0,0,0,0,0,0,0,0,0,0,0
427,577,94,359,113,295,190,103,325,95,393,261,317,72,375,87,73,344,171,49,440,309,96,68,97,519,109,65,366,114,16,217,327,204,525,40,185,122,0,0,0,0
428,118,549,1,131,0,0,0,0,0,0,0,0,0,0,0,0,0,0,0,0,0,0,0,0,0,0,0,0,0,0,0,0,0,0,0,0,0,0,0,0,0
429,465,416,303,0,0,0,0,0,0,0,0,0,0,0,0,0,0,0,0,0,0,0,0,0,0,0,0,0,0,0,0,0,0,0,0,0,0,0,0,0,0
430,169,58,573,502,158,499,517,30,294,236,307,112,149,449,93,71,0,0,0,0,0,0,0,0,0,0,0,0,0,0,0,0,0,0,0,0,0,0,0,0,1
431,424,0,0,0,0,0,0,0,0,0,0,0,0,0,0,0,0,0,0,0,0,0,0,0,0,0,0,0,0,0,0,0,0,0,0,0,0,0,0,0,1
432,360,327,376,59,545,257,434,84,104,141,66,458,353,45,289,0,0,0,0,0,0,0,0,0,0,0,0,0,0,0,0,0,0,0,0,0,0,0,0,0,1
433,523,389,561,118,549,586,464,508,226,427,81,585,178,560,563,419,180,403,198,138,82,411,302,357,256,533,428,391,200,139,0,0,0,0,0,0,0,0,0,0,1
434,381,475,163,145,291,101,316,210,259,292,44,213,140,476,108,293,19,320,527,164,227,201,0,0,0,0,0,0,0,0,0,0,0,0,0,0,0,0,0,0,1
435,24,176,379,62,91,208,225,177,247,137,11,426,85,277,54,13,278,118,43,1,464,80,370,427,515,3,417,28,25,179,180,108,293,571,320,63,0,0,0,0,1
436,38,420,456,214,321,467,48,469,57,157,37,405,412,529,15,83,158,86,70,30,288,342,265,474,432,133,488,71,134,188,159,39,433,135,554,189,266,343,0,0,1
437,378,176,207,62,91,208,225,410,247,451,576,426,85,322,54,13,323,473,43,1,464,508,370,161,515,585,417,28,336,55,162,199,392,139,0,0,0,0,0,0,1
438,454,120,108,306,19,280,63,164,227,386,202,23,0,0,0,0,0,0,0,0,0,0,0,0,0,0,0,0,0,0,0,0,0,0,0,0,0,0,0,0,1
439,48,469,57,157,37,168,412,58,573,83,158,86,70,30,294,236,265,474,149,231,45,297,535,239,172,0,0,0,0,0,0,0,0,0,0,0,0,0,0,0,1
440,14,92,349,439,211,132,263,38,156,121,358,321,467,48,469,524,157,37,405,261,317,514,300,319,195,183,205,206,0,0,0,0,0,0,0,0,0,0,0,0,0
441,28,25,419,180,403,382,337,305,0,0,0,0,0,0,0,0,0,0,0,0,0,0,0,0,0,0,0,0,0,0,0,0,0,0,0,0,0,0,0,0,0
442,457,296,496,541,0,0,0,0,0,0,0,0,0,0,0,0,0,0,0,0,0,0,0,0,0,0,0,0,0,0,0,0,0,0,0,0,0,0,0,0,0
443,401,105,76,242,271,20,8,221,580,88,56,318,0,0,0,0,0,0,0,0,0,0,0,0,0,0,0,0,0,0,0,0,0,0,0,0,0,0,0,0,0
444,493,191,326,267,72,375,501,510,344,413,534,146,268,96,518,486,64,479,65,216,470,16,360,327,0,0,0,0,0,0,0,0,0,0,0,0,0,0,0,0,0
445,162,391,392,452,0,0,0,0,0,0,0,0,0,0,0,0,0,0,0,0,0,0,0,0,0,0,0,0,0,0,0,0,0,0,0,0,0,0,0,0,0
446,483,249,381,119,102,6,0,0,0,0,0,0,0,0,0,0,0,0,0,0,0,0,0,0,0,0,0,0,0,0,0,0,0,0,0,0,0,0,0,0,0
447,139,22,184,570,346,127,182,303,107,249,381,119,163,145,291,101,316,210,0,0,0,0,0,0,0,0,0,0,0,0,0,0,0,0,0,0,0,0,0,0,0
448,215,468,295,190,103,325,493,393,326,317,72,212,87,510,238,413,534,146,268,489,68,97,64,479,65,366,114,16,217,250,376,525,40,185,122,0,0,0,0,0,0
449,158,499,517,557,288,236,265,215,468,231,45,289,535,348,172,482,53,385,569,354,301,461,10,455,246,195,183,377,378,334,233,117,223,0,0,0,0,0,0,0,0
450,81,3,178,28,25,179,415,187,198,138,513,181,290,292,548,383,454,476,484,306,19,0,0,0,0,0,0,0,0,0,0,0,0,0,0,0,0,0,0,0,1
451,111,57,157,37,168,169,58,15,83,422,86,70,30,288,236,307,112,149,133,93,509,134,188,159,39,150,448,31,398,266,237,170,7,238,413,0,0,0,0,0,1
452,360,327,0,0,0,0,0,0,0,0,0,0,0,0,0,0,0,0,0,0,0,0,0,0,0,0,0,0,0,0,0,0,0,0,0,0,0,0,0,0,1
453,350,193,584,90,418,251,472,315,298,75,338,10,136,246,195,249,209,119,429,145,291,101,316,210,337,292,44,213,140,476,484,306,571,0,0,0,0,0,0,0,1
454,0,0,0,0,0,0,0,0,0,0,0,0,0,0,0,0,0,0,0,0,0,0,0,0,0,0,0,0,0,0,0,0,0,0,0,0,0,0,0,0,1
455,402,0,0,0,0,0,0,0,0,0,0,0,0,0,0,0,0,0,0,0,0,0,0,0,0,0,0,0,0,0,0,0,0,0,0,0,0,0,0,0,1
456,193,2,90,418,251,116,270,298,507,338,129,186,481,511,351,310,20,8,221,9,500,56,272,407,21,460,4,442,245,331,51,332,333,52,0,0,0,0,0,0,1
457,0,0,0,0,0,0,0,0,0,0,0,0,0,0,0,0,0,0,0,0,0,0,0,0,0,0,0,0,0,0,0,0,0,0,0,0,0,0,0,0,1
458,90,173,329,472,315,298,75,0,0,0,0,0,0,0,0,0,0,0,0,0,0,0,0,0,0,0,0,0,0,0,0,0,0,0,0,0,0,0,0,0,1
459,402,377,378,334,355,117,223,42,224,523,196,27,356,79,0,0,0,0,0,0,0,0,0,0,0,0,0,0,0,0,0,0,0,0,0,0,0,0,0,0,1
460,337,305,19,280,63,164,227,386,202,0,0,0,0,0,0,0,0,0,0,0,0,0,0,0,0,0,0,0,0,0,0,0,0,0,0,0,0,0,0,0,0
461,359,468,281,68,124,582,142,330,46,77,435,78,32,362,273,345,341,451,11,167,85,277,54,574,278,118,3,178,28,563,179,415,187,390,138,82,411,0,0,0,0
462,420,121,214,264,468,281,190,0,0,0,0,0,0,0,0,0,0,0,0,0,0,0,0,0,0,0,0,0,0,0,0,0,0,0,0,0,0,0,0,0,0
463,374,132,324,38,156,456,214,321,110,48,469,57,157,550,168,169,529,15,502,158,86,70,30,294,236,307,474,432,449,488,71,0,0,0,0,0,0,0,0,0,0
464,374,132,263,546,156,456,358,264,467,48,111,57,421,37,0,0,0,0,0,0,0,0,0,0,0,0,0,0,0,0,0,0,0,0,0,0,0,0,0,0,0
465,570,248,127,249,209,119,429,145,291,316,210,337,305,548,383,454,476,108,293,19,280,0,0,0,0,0,0,0,0,0,0,0,0,0,0,0,0,0,0,0,0
466,261,317,72,375,87,73,344,171,49,146,309,96,68,97,64,109,65,366,114,16,360,327,204,525,40,185,122,296,496,98,314,363,41,257,192,60,526,506,490,0,0
467,398,308,237,170,7,94,215,113,295,190,103,260,493,470,16,360,327,376,0,0,0,0,0,0,0,0,0,0,0,0,0,0,0,0,0,0,0,0,0,0,0
468,346,347,209,475,163,445,304,101,316,210,259,292,548,213,454,120,484,293,19,320,63,430,227,201,396,566,102,6,365,397,0,0,0,0,0,0,0,0,0,0,0
469,265,112,149,449,93,71,450,188,159,39,433,135,31,189,266,59,545,185,61,506,99,471,219,0,0,0,0,0,0,0,0,0,0,0,0,0,0,0,0,0,0
470,349,439,211,132,324,38,314,218,547,328,434,84,174,21,460,262,408,395,131,80,226,161,81,347,381,119,163,445,291,337,292,548,213,454,476,0,0,0,0,0,1
471,260,493,191,326,267,72,375,501,73,238,413,534,146,271,20,8,361,9,88,56,272,407,564,460,424,126,143,100,335,408,197,556,160,551,130,144,0,0,0,0,1
472,1,131,508,370,161,81,585,417,560,25,565,184,570,248,127,416,287,107,249,381,475,429,228,397,466,165,0,0,0,0,0,0,0,0,0,0,0,0,0,0,1
473,549,0,0,0,0,0,0,0,0,0,0,0,0,0,0,0,0,0,0,0,0,0,0,0,0,0,0,0,0,0,0,0,0,0,0,0,0,0,0,0,1
474,217,327,204,59,40,400,457,282,89,384,60,61,506,490,471,367,220,26,350,193,2,90,418,516,12,166,571,320,527,164,373,201,202,566,491,6,228,397,0,0,1
475,370,427,81,3,178,560,563,419,415,403,390,138,82,411,302,357,256,55,162,391,200,139,22,184,18,445,291,495,316,382,259,305,44,213,140,120,108,306,0,0,1
476,428,391,392,452,22,184,18,248,465,0,0,0,0,0,0,0,0,0,0,0,0,0,0,0,0,0,0,0,0,0,0,0,0,0,0,0,0,0,0,0,1
477,291,101,279,210,0,0,0,0,0,0,0,0,0,0,0,0,0,0,0,0,0,0,0,0,0,0,0,0,0,0,0,0,0,0,0,0,0,0,0,0,1
478,45,289,50,220,559,240,388,2,90,230,79,12,424,126,143,100,262,408,395,35,425,36,463,444,24,409,379,62,498,380,369,177,247,451,11,167,85,277,538,13,1
479,369,410,341,137,11,167,85,322,54,13,278,508,226,427,515,3,178,28,25,419,180,187,198,453,513,181,290,357,256,0,0,0,0,0,0,0,0,0,0,0,1
480,531,272,252,51,332,255,52,29,437,276,106,537,194,17,452,22,184,18,248,483,249,209,475,429,108,306,19,0,0,0,0,0,0,0,0,0,0,0,0,0,1
481,322,54,13,323,118,43,1,131,508,370,427,81,3,178,28,563,419,180,0,0,0,0,0,0,0,0,0,0,0,0,0,0,0,0,0,0,0,0,0,0,1
482,343,8,221,9,21,460,4,442,258,46,77,152,78,32,222,311,345,5,436,312,286,33,339,284,0,0,0,0,0,0,0,0,0,0,0,0,0,0,0,0,1
483,325,95,393,326,317,72,212,87,510,238,413,49,146,268,489,518,97,64,479,65,366,470,16,535,239,172,522,258,541,77,0,0,0,0,0,0,0,0,0,0,1
484,183,377,206,334,233,477,364,42,0,0,0,0,0,0,0,0,0,0,0,0,0,0,0,0,0,0,0,0,0,0,0,0,0,0,0,0,0,0,0,0,1
485,111,57,157,37,405,169,529,15,83,158,499,70,30,288,342,265,474,149,133,171,49,146,309,400,457,296,89,485,269,363,41,328,434,84,104,141,66,458,0,0,1
486,282,89,485,314,218,547,328,151,84,480,141,521,123,231,45,297,535,348,172,522,192,2,497,173,251,116,0,0,0,0,0,0,0,0,0,0,0,0,0,0,1
487,130,144,24,176,207,528,357,336,55,162,391,0,0,0,0,0,0,0,0,0,0,0,0,0,0,0,0,0,0,0,0,0,0,0,0,0,0,0,0,0,1
488,102,581,365,203,128,0,0,0,0,0,0,0,0,0,0,0,0,0,0,0,0,0,0,0,0,0,0,0,0,0,0,0,0,0,0,0,0,0,0,0,1
489,514,212,97,64,76,242,310,20,243,5,153,274,299,33,244,284,275,47,34,245,331,0,0,0,0,0,0,0,0,0,0,0,0,0,0,0,0,0,0,0,1
490,24,176,379,528,498,208,225,410,341,137,11,167,85,277,54,574,323,473,549,1,131,508,226,161,81,3,178,28,563,0,0,0,0,0,0,0,0,0,0,0,0
491,316,382,337,305,44,213,140,476,484,293,19,280,527,430,227,201,396,23,491,581,0,0,0,0,0,0,0,0,0,0,0,0,0,0,0,0,0,0,0,0,0
492,171,49,146,268,96,68,97,64,109,65,216,114,16,217,327,376,59,0,0,0,0,0,0,0,0,0,0,0,0,0,0,0,0,0,0,0,0,0,0,0,0
493,121,358,264,110,532,469,57,421,37,405,412,529,0,0,0,0,0,0,0,0,0,0,0,0,0,0,0,0,0,0,0,0,0,0,0,0,0,0,0,0,0
494,35,247,137,11,426,85,322,54,13,278,118,43,1,131,80,416,303,107,0,0,0,0,0,0,0,0,0,0,0,0,0,0,0,0,0,0,0,0,0,0,0
495,92,349,439,0,0,0,0,0,0,0,0,0,0,0,0,0,0,0,0,0,0,0,0,0,0,0,0,0,0,0,0,0,0,0,0,0,0,0,0,0,0
496,300,275,47,34,340,0,0,0,0,0,0,0,0,0,0,0,0,0,0,0,0,0,0,0,0,0,0,0,0,0,0,0,0,0,0,0,0,0,0,0,0
497,103,325,72,375,501,73,344,413,534,146,309,489,518,97,41,328,434,84,480,172,69,192,530,61,74,99,471,367,220,0,0,0,0,0,0,0,0,0,0,0,0
498,54,13,3,417,28,25,179,180,187,390,453,82,181,302,199,392,0,0,0,0,0,0,0,0,0,0,0,0,0,0,0,0,0,0,0,0,0,0,0,0,0
499,495,316,210,337,0,0,0,0,0,0,0,0,0,0,0,0,0,0,0,0,0,0,0,0,0,0,0,0,0,0,0,0,0,0,0,0,0,0,0,0,0
500,35,91,208,369,177,247,137,11,167,85,277,54,13,278,473,43,1,464,80,226,427,81,3,178,28,563,419,415,403,198,138,513,0,0,0,0,0,0,0,0,0
501,110,48,111,57,157,37,405,412,529,15,83,158,86,70,557,294,236,307,474,149,449,488,509,450,188,159,39,150,0,0,0,0,0,0,0,0,0,0,0,0,0
502,324,38,156,121,214,321,110,48,49,146,309,96,68,97,519,26,240,193,2,90,20,8,361,9,88,56,272,407,21,124,4,442,258,0,0,0,0,0,0,0,0
503,269,218,41,257,434,84,480,567,8,361,9,500,56,318,174,21,124,4,442,258,46,77,435,512,32,222,311,345,5,436,274,299,33,244,300,275,542,0,0,0,0
504,342,307,474,149,133,93,71,134,188,423,544,150,135,554,189,308,343,406,7,492,215,113,281,360,327,204,525,40,400,457,282,496,98,0,0,0,0,0,0,0,0
505,20,8,361,548,213,454,476,108,306,19,280,63,164,373,386,202,566,491,6,228,203,466,165,371,0,0,0,0,0,0,0,0,0,0,0,0,0,0,0,0,0
506,262,408,395,35,160,551,463,444,24,0,0,0,0,0,0,0,0,0,0,0,0,0,0,0,0,0,0,0,0,0,0,0,0,0,0,0,0,0,0,0,0
507,559,350,29,437,276,22,404,18,248,127,416,287,483,347,466,431,371,0,0,0,0,0,0,0,0,0,0,0,0,0,0,0,0,0,0,0,0,0,0,0,0
508,76,351,271,0,0,0,0,0,0,0,0,0,0,0,0,0,0,0,0,0,0,0,0,0,0,0,0,0,0,0,0,0,0,0,0,0,0,0,0,0,0
509,299,33,244,300,275,47,34,340,0,0,0,0,0,0,0,0,0,0,0,0,0,0,0,0,0,0,0,0,0,0,0,0,0,0,0,0,0,0,0,0,0
